y_true	y_pred
0.8183556405353728	0.7838860544217687
0.8183556405353728	0.7838860544217687
0.8183556405353728	0.7838860544217687
0.8183556405353728	0.7838860544217687
0.8183556405353728	0.7838860544217687
0.8183556405353728	0.7838860544217687
0.8183556405353728	0.7838860544217687
0.8183556405353728	0.7838860544217687
0.8183556405353728	0.7838860544217687
0.8183556405353728	0.7838860544217687
0.8183556405353728	0.7838860544217687
0.8183556405353728	0.7838860544217687
0.8183556405353728	0.7838860544217687
0.8183556405353728	0.7838860544217687
0.8183556405353728	0.7838860544217687
0.8183556405353728	0.7838860544217687
0.8183556405353728	0.7838860544217687
0.8183556405353728	0.7838860544217687
0.8183556405353728	0.7838860544217687
0.8183556405353728	0.7838860544217687
0.8183556405353728	0.7838860544217687
0.8183556405353728	0.7838860544217687
0.8183556405353728	0.7838860544217687
0.8183556405353728	0.7838860544217687
0.8183556405353728	0.7838860544217687
0.8183556405353728	0.7838860544217687
0.8183556405353728	0.7838860544217687
0.8183556405353728	0.7838860544217687
0.8183556405353728	0.7838860544217687
0.8183556405353728	0.7838860544217687
0.8183556405353728	0.7838860544217687
0.8183556405353728	0.7838860544217687
0.8183556405353728	0.7838860544217687
0.8183556405353728	0.7838860544217687
0.8183556405353728	0.7838860544217687
0.8183556405353728	0.7838860544217687
0.8183556405353728	0.7838860544217687
0.8183556405353728	0.7838860544217687
0.8183556405353728	0.7838860544217687
0.8183556405353728	0.7838860544217687
0.8183556405353728	0.7838860544217687
0.8183556405353728	0.7838860544217687
0.8183556405353728	0.7838860544217687
0.8183556405353728	0.7838860544217687
0.8183556405353728	0.7838860544217687
0.8183556405353728	0.7838860544217687
0.8183556405353728	0.7838860544217687
0.8183556405353728	0.7838860544217687
0.8183556405353728	0.7838860544217687
0.8183556405353728	0.7838860544217687
0.8183556405353728	0.7838860544217687
0.8183556405353728	0.7838860544217687
0.8183556405353728	0.7838860544217687
0.8183556405353728	0.7838860544217687
0.8183556405353728	0.7838860544217687
0.8183556405353728	0.7838860544217687
0.8183556405353728	0.7838860544217687
0.8183556405353728	0.7838860544217687
0.8183556405353728	0.7838860544217687
0.8183556405353728	0.7838860544217687
0.8183556405353728	0.7838860544217687
0.8183556405353728	0.7838860544217687
0.8183556405353728	0.7838860544217687
0.8183556405353728	0.7838860544217687
0.8183556405353728	0.7838860544217687
0.8183556405353728	0.7838860544217687
0.8183556405353728	0.7838860544217687
0.8183556405353728	0.7838860544217687
0.8183556405353728	0.7838860544217687
0.8183556405353728	0.7838860544217687
0.8183556405353728	0.7838860544217687
0.8183556405353728	0.7838860544217687
0.8183556405353728	0.7838860544217687
0.8183556405353728	0.7838860544217687
0.8183556405353728	0.7838860544217687
0.8183556405353728	0.7838860544217687
0.8183556405353728	0.7838860544217687
0.8183556405353728	0.7838860544217687
0.8183556405353728	0.7838860544217687
0.8183556405353728	0.7838860544217687
0.8183556405353728	0.7838860544217687
0.8183556405353728	0.7838860544217687
0.8183556405353728	0.7838860544217687
0.8183556405353728	0.7838860544217687
0.8183556405353728	0.7838860544217687
0.8183556405353728	0.7838860544217687
0.8183556405353728	0.7838860544217687
0.8183556405353728	0.7838860544217687
0.8183556405353728	0.7838860544217687
0.8183556405353728	0.7838860544217687
0.8183556405353728	0.7838860544217687
0.8183556405353728	0.7838860544217687
0.8183556405353728	0.7838860544217687
0.8183556405353728	0.7838860544217687
0.8183556405353728	0.7838860544217687
0.8183556405353728	0.7838860544217687
0.8183556405353728	0.7838860544217687
0.8183556405353728	0.7838860544217687
0.8183556405353728	0.7838860544217687
0.8183556405353728	0.7838860544217687
0.8177182919056724	0.7838860544217687
0.8177182919056724	0.7845663265306122
0.8196303377947738	0.7845663265306122
0.8145315487571702	0.7845663265306122
0.8183556405353728	0.7838860544217687
0.8189929891650733	0.7838860544217687
0.8183556405353728	0.7838860544217687
0.8068833652007649	0.7838860544217687
0.8145315487571702	0.7845663265306122
0.8196303377947738	0.7838860544217687
0.815806246016571	0.7838860544217687
0.8164435946462715	0.7845663265306122
0.8183556405353728	0.7838860544217687
0.8189929891650733	0.7838860544217687
0.8087954110898662	0.7845663265306122
0.8164435946462715	0.7838860544217687
0.8132568514977693	0.7845663265306122
0.8138942001274697	0.7845663265306122
0.8177182919056724	0.7838860544217687
0.8189929891650733	0.7838860544217687
0.8170809432759719	0.7838860544217687
0.8170809432759719	0.7845663265306122
0.8202676864244742	0.7838860544217687
0.815806246016571	0.7838860544217687
0.8177182919056724	0.7838860544217687
0.8183556405353728	0.7838860544217687
0.8164435946462715	0.7845663265306122
0.815806246016571	0.7838860544217687
0.8177182919056724	0.7959183673469388
0.8170809432759719	0.7845663265306122
0.8170809432759719	0.7838860544217687
0.8177182919056724	0.7838860544217687
0.8170809432759719	0.7838860544217687
0.8170809432759719	0.7838860544217687
0.8170809432759719	0.7843537414965985
0.8183556405353728	0.7838860544217687
0.8183556405353728	0.7838860544217687
0.8132568514977693	0.7838860544217687
0.8170809432759719	0.7838860544217687
0.8145315487571702	0.7838860544217687
0.815806246016571	0.7838860544217687
0.8196303377947738	0.7838860544217687
0.8119821542383684	0.7838860544217687
0.8170809432759719	0.7836734693877551
0.8196303377947738	0.7888180272108845
0.8196303377947738	0.7888180272108845
0.8151688973868706	0.7838860544217687
0.8138942001274697	0.7843537414965985
0.8119821542383684	0.7845663265306122
0.8189929891650733	0.7838860544217687
0.8177182919056724	0.7838860544217687
0.8164435946462715	0.7843537414965985
0.8183556405353728	0.7838860544217687
0.8177182919056724	0.7838860544217687
0.8202676864244742	0.7838860544217687
0.8138942001274697	0.7843537414965985
0.8138942001274697	0.7838860544217687
0.8183556405353728	0.7838860544217687
0.8209050350541747	0.7845663265306122
0.8196303377947738	0.7845663265306122
0.8196303377947738	0.7838860544217687
0.8189929891650733	0.7838860544217687
0.8164435946462715	0.7836734693877551
0.8183556405353728	0.7836734693877551
0.8164435946462715	0.7838860544217687
0.8151688973868706	0.7845663265306122
0.8170809432759719	0.7838860544217687
0.8138942001274697	0.7845663265306122
0.8170809432759719	0.7843537414965985
0.815806246016571	0.7845663265306122
0.815806246016571	0.7845663265306122
0.8183556405353728	0.7838860544217687
0.8189929891650733	0.7838860544217687
0.8145315487571702	0.7845663265306122
0.8189929891650733	0.7845663265306122
0.8164435946462715	0.7845663265306122
0.8145315487571702	0.7845663265306122
0.8189929891650733	0.7838860544217687
0.8107074569789675	0.7845663265306122
0.8183556405353728	0.7838860544217687
0.8177182919056724	0.7838860544217687
0.8164435946462715	0.7845663265306122
0.8170809432759719	0.7838860544217687
0.8170809432759719	0.7838860544217687
0.8151688973868706	0.7838860544217687
0.8189929891650733	0.7838860544217687
0.8189929891650733	0.7838860544217687
0.8170809432759719	0.7838860544217687
0.8145315487571702	0.7838860544217687
0.8177182919056724	0.7838860544217687
0.8164435946462715	0.7845663265306122
0.8164435946462715	0.7845663265306122
0.8183556405353728	0.7838860544217687
0.8196303377947738	0.7838860544217687
0.8164435946462715	0.7838860544217687
0.8126195028680688	0.7845663265306122
0.8183556405353728	0.7838860544217687
0.8119821542383684	0.7845663265306122
0.8177182919056724	0.7888180272108845
0.8189929891650733	0.7838860544217687
0.8132568514977693	0.7818027210884353
0.7852135117909497	0.7673044217687075
0.8202676864244742	0.7840561224489796
0.8126195028680688	0.7835034013605442
0.8087954110898662	0.7822278911564626
0.8151688973868706	0.7843537414965985
0.8068833652007649	0.7807397959183672
0.7966857871255577	0.7699829931972787
0.8030592734225621	0.7818027210884354
0.7845761631612492	0.769047619047619
0.8062460165710643	0.7822704081632653
0.8164435946462715	0.7843537414965985
0.7877629063097514	0.767049319727891
0.7954110898661568	0.767049319727891
0.7909496494582536	0.7616071428571429
0.8049713193116634	0.7827806122448979
0.8094327597195666	0.7818452380952381
0.8177182919056724	0.7843537414965985
0.8202676864244742	0.7989795918367347
0.8196303377947738	0.7843537414965985
0.794136392606756	0.765858843537415
0.8183556405353728	0.7989795918367347
0.8087954110898662	0.7839285714285714
0.7915869980879541	0.7762755102040815
0.8177182919056724	0.7843537414965985
0.7960484384958573	0.7675170068027211
0.8132568514977693	0.7815051020408162
0.8170809432759719	0.7843537414965985
0.8138942001274697	0.7989795918367347
0.8132568514977693	0.7843537414965985
0.8100701083492671	0.7832057823129251
0.8196303377947738	0.7989795918367347
0.7998725302740599	0.7676445578231292
0.8189929891650733	0.7845663265306122
0.7877629063097514	0.770110544217687
0.7934990439770554	0.768112244897959
0.8100701083492671	0.7812074829931973
0.8177182919056724	0.7843537414965985
0.8126195028680688	0.7804421768707482
0.8170809432759719	0.7989795918367347
0.8081580624601657	0.7848214285714286
0.8215423836838751	0.7989795918367347
0.8170809432759719	0.7843537414965985
0.8005098789037604	0.7678571428571428
0.8189929891650733	0.7895408163265306
0.8202676864244742	0.7989795918367347
0.8196303377947738	0.7989795918367347
0.8145315487571702	0.7830782312925171
0.8183556405353728	0.7814625850340136
0.8177182919056724	0.7814200680272109
0.8177182919056724	0.7812499999999999
0.8215423836838751	0.7843537414965985
0.8170809432759719	0.783843537414966
0.8170809432759719	0.7848639455782312
0.7998725302740599	0.7690051020408163
0.8094327597195666	0.7815476190476189
0.794136392606756	0.7668792517006803
0.8024219247928617	0.7671343537414965
0.7915869980879541	0.7682823129251699
0.7966857871255577	0.7665391156462584
0.7947737412364564	0.7696428571428572
0.8209050350541747	0.7843537414965985
0.8196303377947738	0.7985119047619047
0.8094327597195666	0.7829931972789114
0.8202676864244742	0.7989795918367347
0.8170809432759719	0.7989795918367347
0.7973231357552581	0.7673894557823129
0.794136392606756	0.7690901360544217
0.8094327597195666	0.7811224489795917
0.8036966220522626	0.7818877551020408
0.8189929891650733	0.7989795918367347
0.8196303377947738	0.7843537414965985
0.7845761631612492	0.7684098639455782
0.8138942001274697	0.7814625850340136
0.7909496494582536	0.7709608843537413
0.8138942001274697	0.7808248299319728
0.8183556405353728	0.7989795918367347
0.8094327597195666	0.7828656462585033
0.787125557680051	0.7666666666666665
0.8145315487571702	0.7806122448979592
0.8094327597195666	0.7825680272108843
0.8081580624601657	0.7805697278911565
0.8183556405353728	0.7843537414965985
0.8049713193116634	0.7816326530612245
0.8164435946462715	0.7843537414965985
0.8107074569789675	0.7839285714285714
0.7884002549394519	0.7620748299319727
0.811344805608668	0.7843537414965985
0.8164435946462715	0.7843537414965985
0.8196303377947738	0.7989795918367347
0.8177182919056724	0.7954506802721089
0.811344805608668	0.7818877551020408
0.8119821542383684	0.7808673469387756
0.8202676864244742	0.7840986394557823
0.8132568514977693	0.7843537414965985
0.7947737412364564	0.7674744897959181
0.8183556405353728	0.7961734693877551
0.7896749521988528	0.7667091836734693
0.8126195028680688	0.7806122448979591
0.8234544295729764	0.7989795918367347
0.8177182919056724	0.7985119047619047
0.8196303377947738	0.7801020408163265
0.8164435946462715	0.7792942176870749
0.8202676864244742	0.7989370748299319
0.7609942638623327	0.7451955782312925
0.8215423836838751	0.7985119047619047
0.8036966220522626	0.7828231292517007
0.8196303377947738	0.7985119047619047
0.8068833652007649	0.7823554421768707
0.815806246016571	0.7808248299319727
0.7571701720841301	0.7512329931972789
0.8177182919056724	0.7801445578231293
0.762906309751434	0.745110544217687
0.815806246016571	0.7990646258503401
0.8049713193116634	0.7816751700680272
0.8138942001274697	0.782142857142857
0.7622689611217336	0.753061224489796
0.8056086679413639	0.7829931972789115
0.8177182919056724	0.7979591836734694
0.7616316124920331	0.7512329931972789
0.8209050350541747	0.7988520408163265
0.8202676864244742	0.7989795918367347
0.7737412364563416	0.7539965986394558
0.798597833014659	0.7825680272108844
0.8189929891650733	0.798469387755102
0.7635436583811345	0.7512329931972789
0.8107074569789675	0.7811649659863946
0.8138942001274697	0.7825255102040816
0.8062460165710643	0.7826105442176872
0.8024219247928617	0.7821853741496599
0.8126195028680688	0.7801445578231293
0.8170809432759719	0.7989795918367347
0.8183556405353728	0.7985119047619047
0.8138942001274697	0.7816326530612244
0.8202676864244742	0.7985544217687075
0.8215423836838751	0.7984268707482993
0.804333970681963	0.783375850340136
0.8234544295729764	0.7983418367346939
0.8145315487571702	0.7819727891156462
0.8177182919056724	0.7986819727891156
0.7782026768642447	0.7456207482993198
0.8049713193116634	0.7821853741496599
0.8177182919056724	0.7985969387755102
0.8119821542383684	0.7835034013605443
0.7711918419375399	0.7493197278911564
0.8164435946462715	0.783375850340136
0.8081580624601657	0.7823554421768707
0.8183556405353728	0.7987244897959184
0.8151688973868706	0.780952380952381
0.815806246016571	0.780952380952381
0.8202676864244742	0.7985119047619047
0.8183556405353728	0.7983843537414966
0.8017845761631612	0.7835034013605442
0.8247291268323773	0.7989795918367347
0.8151688973868706	0.7810374149659863
0.7750159337157425	0.7512329931972789
0.7782026768642447	0.7512329931972789
0.8151688973868706	0.7840561224489797
0.8196303377947738	0.7989370748299319
0.8056086679413639	0.7835459183673469
0.7520713830465264	0.7540816326530613
0.8132568514977693	0.7823979591836733
0.8183556405353728	0.7828231292517007
0.7737412364563416	0.7522534013605442
0.8189929891650733	0.7984268707482993
0.8030592734225621	0.7807823129251702
0.8177182919056724	0.7836309523809523
0.8081580624601657	0.7821853741496599
0.8068833652007649	0.7813775510204083
0.8100701083492671	0.78125
0.7667304015296367	0.7569302721088437
0.7597195666029318	0.7487670068027211
0.815806246016571	0.7832908163265306
0.8221797323135756	0.7989795918367347
0.8100701083492671	0.783375850340136
0.7737412364563416	0.7529761904761905
0.7705544933078394	0.7525935374149662
0.7648183556405354	0.7452806122448978
0.8177182919056724	0.7989795918367347
0.8209050350541747	0.7985119047619047
0.8164435946462715	0.7812074829931973
0.8170809432759719	0.7985119047619047
0.8189929891650733	0.7812074829931973
0.7839388145315488	0.7493197278911564
0.8177182919056724	0.7985544217687075
0.7705544933078394	0.751062925170068
0.8170809432759719	0.7985544217687075
0.7998725302740599	0.7835034013605442
0.768642447418738	0.7545068027210885
0.8056086679413639	0.7830357142857143
0.7731038878266412	0.7523809523809525
0.8119821542383684	0.7822278911564626
0.8151688973868706	0.7980867346938775
0.7992351816443595	0.7772108843537417
0.8036966220522626	0.7811649659863946
0.8119821542383684	0.782312925170068
0.8107074569789675	0.7827806122448979
0.8011472275334608	0.7821853741496599
0.804333970681963	0.7835034013605442
0.8209050350541747	0.7989795918367347
0.8081580624601657	0.7813350340136053
0.8062460165710643	0.7793792517006801
0.8145315487571702	0.7798044217687075
0.7909496494582536	0.770578231292517
0.7992351816443595	0.7758928571428573
0.8107074569789675	0.7807823129251701
0.8183556405353728	0.797236394557823
0.7367750159337157	0.7320578231292517
0.745697896749522	0.729549319727891
0.7374123645634162	0.7283588435374149
0.7934990439770554	0.7694302721088435
0.7361376673040153	0.7326955782312924
0.7966857871255577	0.7833333333333334
0.7463352453792225	0.7335459183673468
0.7979604843849586	0.7836734693877552
0.8087954110898662	0.7823129251700679
0.8119821542383684	0.7804421768707481
0.7960484384958573	0.7759778911564627
0.8189929891650733	0.7974064625850339
0.8024219247928617	0.7807397959183675
0.7431485022307202	0.7334183673469388
0.8196303377947738	0.7980867346938775
0.792861695347355	0.7810799319727891
0.8170809432759719	0.7981292517006803
0.7310388782664117	0.732015306122449
0.8126195028680688	0.7806122448979591
0.7361376673040153	0.7296768707482992
0.7947737412364564	0.7803996598639457
0.8177182919056724	0.7976615646258504
0.8177182919056724	0.7973214285714286
0.8240917782026769	0.7979591836734694
0.8221797323135756	0.797236394557823
0.8132568514977693	0.7819727891156462
0.7960484384958573	0.7811224489795918
0.8189929891650733	0.7977465986394559
0.7431485022307202	0.7340561224489797
0.8145315487571702	0.7969812925170068
0.7954110898661568	0.7841411564625851
0.7915869980879541	0.7687925170068027
0.7960484384958573	0.780527210884354
0.811344805608668	0.7811649659863946
0.7947737412364564	0.7823554421768709
0.8189929891650733	0.7974489795918366
0.7374123645634162	0.7290391156462586
0.8170809432759719	0.7978741496598639
0.8183556405353728	0.7976615646258501
0.7412364563416188	0.729549319727891
0.792861695347355	0.7757653061224491
0.8202676864244742	0.7980442176870748
0.8189929891650733	0.7977891156462585
0.7966857871255577	0.7696003401360545
0.745697896749522	0.726360544217687
0.7355003186743149	0.7282312925170068
0.745697896749522	0.7321428571428572
0.8126195028680688	0.7813775510204081
0.7463352453792225	0.732908163265306
0.8183556405353728	0.7980867346938775
0.8132568514977693	0.780952380952381
0.7444231994901211	0.7290391156462586
0.7966857871255577	0.7821428571428573
0.7405991077119184	0.7322278911564626
0.7431485022307202	0.7304421768707482
0.815806246016571	0.7973214285714285
0.8087954110898662	0.7812074829931972
0.7355003186743149	0.7293367346938775
0.7304015296367112	0.7327806122448981
0.8126195028680688	0.7813775510204081
0.8100701083492671	0.7818877551020407
0.7323135755258127	0.7262329931972789
0.7393244104525175	0.7338860544217686
0.8100701083492671	0.7809098639455782
0.7979604843849586	0.7744897959183674
0.7998725302740599	0.7816326530612246
0.8151688973868706	0.781845238095238
0.8081580624601657	0.7806122448979591
0.7960484384958573	0.7830357142857144
0.8094327597195666	0.7817176870748298
0.7488846398980242	0.7322278911564626
0.8215423836838751	0.7973639455782312
0.8202676864244742	0.7977040816326532
0.8151688973868706	0.7980442176870748
0.8209050350541747	0.7969812925170068
0.7896749521988528	0.7678996598639457
0.8107074569789675	0.7816751700680271
0.7998725302740599	0.7835034013605443
0.815806246016571	0.7792942176870746
0.8107074569789675	0.7815476190476188
0.7412364563416188	0.7289115646258504
0.8145315487571702	0.7823979591836733
0.8196303377947738	0.7990646258503401
0.8075207138304653	0.7815051020408162
0.8177182919056724	0.7974489795918366
0.8119821542383684	0.7834183673469387
0.811344805608668	0.7790391156462583
0.7367750159337157	0.7301445578231293
0.7998725302740599	0.76921768707483
0.8119821542383684	0.7786989795918366
0.7355003186743149	0.7322278911564626
0.8164435946462715	0.7970663265306122
0.8094327597195666	0.7783588435374149
0.8196303377947738	0.7971513605442176
0.7170172084130019	0.7220663265306122
0.8196303377947738	0.7971513605442176
0.8189929891650733	0.7970663265306122
0.8189929891650733	0.797236394557823
0.8087954110898662	0.7806547619047618
0.7163798597833014	0.721811224489796
0.8189929891650733	0.7970663265306122
0.7170172084130019	0.7233843537414965
0.8075207138304653	0.7802721088435373
0.7890376035691523	0.7689200680272109
0.7151051625239006	0.7220663265306122
0.7138304652644997	0.7220663265306122
0.7163798597833014	0.7220663265306122
0.7890376035691523	0.7675170068027212
0.7884002549394519	0.7675170068027212
0.8189929891650733	0.7970663265306122
0.715742511153601	0.7236819727891156
0.7170172084130019	0.7220663265306122
0.8183556405353728	0.7970663265306122
0.8189929891650733	0.7970663265306122
0.8100701083492671	0.7815901360544217
0.8087954110898662	0.781079931972789
0.8100701083492671	0.7812499999999999
0.8094327597195666	0.7808673469387755
0.7884002549394519	0.7675170068027212
0.7884002549394519	0.7675170068027212
0.7163798597833014	0.7233418367346939
0.7877629063097514	0.7675170068027212
0.7890376035691523	0.7675170068027212
0.787125557680051	0.7675170068027212
0.8100701083492671	0.7812499999999999
0.8196303377947738	0.7970663265306122
0.8100701083492671	0.781079931972789
0.8094327597195666	0.781079931972789
0.8196303377947738	0.797108843537415
0.8087954110898662	0.781079931972789
0.8189929891650733	0.7971513605442176
0.8189929891650733	0.7971513605442176
0.7176545570427023	0.7233843537414965
0.7890376035691523	0.7675170068027212
0.8094327597195666	0.7822278911564626
0.8094327597195666	0.7809948979591836
0.8189929891650733	0.7972789115646257
0.8189929891650733	0.7971938775510203
0.7890376035691523	0.7675170068027212
0.8183556405353728	0.7970663265306122
0.7144678138942001	0.721811224489796
0.8189929891650733	0.7971513605442176
0.7884002549394519	0.7675170068027212
0.7903123008285532	0.7675595238095239
0.8189929891650733	0.7968962585034014
0.8094327597195666	0.7793367346938775
0.7163798597833014	0.7218962585034013
0.8100701083492671	0.7822278911564626
0.8189929891650733	0.7970663265306122
0.7163798597833014	0.7234268707482994
0.7138304652644997	0.725
0.7884002549394519	0.7675170068027212
0.715742511153601	0.7220663265306122
0.8094327597195666	0.7807397959183672
0.7176545570427023	0.7234268707482994
0.7163798597833014	0.7214710884353742
0.7884002549394519	0.7675170068027212
0.7163798597833014	0.7233843537414965
0.7896749521988528	0.7675170068027212
0.8100701083492671	0.7818877551020408
0.8081580624601657	0.7802721088435373
0.8094327597195666	0.7814200680272109
0.8100701083492671	0.7807397959183672
0.7163798597833014	0.7220663265306122
0.7170172084130019	0.723469387755102
0.8094327597195666	0.7816751700680272
0.7890376035691523	0.7675170068027212
0.7170172084130019	0.7232568027210885
0.8100701083492671	0.781079931972789
0.7170172084130019	0.7220663265306122
0.8189929891650733	0.7971513605442176
0.8094327597195666	0.7815901360544217
0.7189292543021033	0.721811224489796
0.8094327597195666	0.7818877551020408
0.7884002549394519	0.7675170068027212
0.7189292543021033	0.7234268707482994
0.8100701083492671	0.7812499999999999
0.7877629063097514	0.7675595238095239
0.7884002549394519	0.7675170068027212
0.7163798597833014	0.721811224489796
0.8189929891650733	0.7970663265306122
0.715742511153601	0.7220663265306122
0.8100701083492671	0.7812499999999999
0.715742511153601	0.7232568027210885
0.787125557680051	0.7675170068027212
0.7890376035691523	0.7694727891156462
0.7151051625239006	0.7232568027210885
0.8183556405353728	0.7971513605442176
0.8094327597195666	0.782015306122449
0.7884002549394519	0.7675170068027212
0.8094327597195666	0.7809948979591836
0.8183556405353728	0.7971513605442176
0.715742511153601	0.721811224489796
0.8183556405353728	0.7838860544217687
0.8183556405353728	0.7838860544217687
0.8183556405353728	0.7838860544217687
0.8183556405353728	0.7838860544217687
0.8183556405353728	0.7838860544217687
0.8183556405353728	0.7838860544217687
0.8183556405353728	0.7838860544217687
0.8183556405353728	0.7838860544217687
0.8183556405353728	0.7838860544217687
0.8183556405353728	0.7838860544217687
0.8183556405353728	0.7838860544217687
0.8183556405353728	0.7838860544217687
0.8183556405353728	0.7838860544217687
0.8183556405353728	0.7838860544217687
0.8183556405353728	0.7838860544217687
0.8183556405353728	0.7838860544217687
0.8183556405353728	0.7838860544217687
0.8183556405353728	0.7838860544217687
0.8183556405353728	0.7838860544217687
0.8183556405353728	0.7838860544217687
0.8183556405353728	0.7838860544217687
0.8183556405353728	0.7838860544217687
0.8183556405353728	0.7838860544217687
0.8183556405353728	0.7838860544217687
0.8183556405353728	0.7838860544217687
0.8183556405353728	0.7838860544217687
0.8183556405353728	0.7838860544217687
0.8183556405353728	0.7838860544217687
0.8183556405353728	0.7838860544217687
0.8183556405353728	0.7838860544217687
0.8183556405353728	0.7838860544217687
0.8183556405353728	0.7838860544217687
0.8183556405353728	0.7838860544217687
0.8183556405353728	0.7838860544217687
0.8183556405353728	0.7838860544217687
0.8183556405353728	0.7838860544217687
0.8183556405353728	0.7838860544217687
0.8183556405353728	0.7838860544217687
0.8183556405353728	0.7838860544217687
0.8183556405353728	0.7838860544217687
0.8183556405353728	0.7838860544217687
0.8183556405353728	0.7838860544217687
0.8183556405353728	0.7838860544217687
0.8183556405353728	0.7838860544217687
0.8183556405353728	0.7838860544217687
0.8183556405353728	0.7838860544217687
0.8183556405353728	0.7838860544217687
0.8183556405353728	0.7838860544217687
0.8183556405353728	0.7838860544217687
0.8183556405353728	0.7838860544217687
0.8183556405353728	0.7838860544217687
0.8183556405353728	0.7838860544217687
0.8183556405353728	0.7838860544217687
0.8183556405353728	0.7838860544217687
0.8183556405353728	0.7838860544217687
0.8183556405353728	0.7838860544217687
0.8183556405353728	0.7838860544217687
0.8183556405353728	0.7838860544217687
0.8183556405353728	0.7838860544217687
0.8183556405353728	0.7838860544217687
0.8183556405353728	0.7838860544217687
0.8183556405353728	0.7838860544217687
0.8183556405353728	0.7838860544217687
0.8183556405353728	0.7838860544217687
0.8183556405353728	0.7838860544217687
0.8183556405353728	0.7838860544217687
0.8183556405353728	0.7838860544217687
0.8183556405353728	0.7838860544217687
0.8183556405353728	0.7838860544217687
0.8183556405353728	0.7838860544217687
0.8183556405353728	0.7838860544217687
0.8183556405353728	0.7838860544217687
0.8183556405353728	0.7838860544217687
0.8183556405353728	0.7838860544217687
0.8183556405353728	0.7838860544217687
0.8183556405353728	0.7838860544217687
0.8183556405353728	0.7838860544217687
0.8183556405353728	0.7838860544217687
0.8183556405353728	0.7838860544217687
0.8183556405353728	0.7838860544217687
0.8183556405353728	0.7838860544217687
0.8183556405353728	0.7838860544217687
0.8183556405353728	0.7838860544217687
0.8183556405353728	0.7838860544217687
0.8183556405353728	0.7838860544217687
0.8183556405353728	0.7838860544217687
0.8183556405353728	0.7838860544217687
0.8183556405353728	0.7838860544217687
0.8183556405353728	0.7838860544217687
0.8183556405353728	0.7838860544217687
0.8183556405353728	0.7838860544217687
0.8183556405353728	0.7838860544217687
0.8183556405353728	0.7838860544217687
0.8183556405353728	0.7838860544217687
0.8183556405353728	0.7838860544217687
0.8183556405353728	0.7838860544217687
0.8183556405353728	0.7838860544217687
0.8183556405353728	0.7838860544217687
0.8183556405353728	0.7838860544217687
0.8183556405353728	0.7838860544217687
0.8164435946462715	0.7900085034013605
0.815806246016571	0.7838860544217687
0.8183556405353728	0.7838860544217687
0.8170809432759719	0.7836734693877551
0.8087954110898662	0.7845663265306122
0.8177182919056724	0.7836734693877551
0.8145315487571702	0.7845663265306122
0.8177182919056724	0.7838860544217687
0.8087954110898662	0.7838860544217687
0.8094327597195666	0.7845663265306122
0.815806246016571	0.7838860544217687
0.8170809432759719	0.7838860544217687
0.8196303377947738	0.7838860544217687
0.815806246016571	0.7845663265306122
0.811344805608668	0.7843537414965985
0.8177182919056724	0.7838860544217687
0.8087954110898662	0.7845663265306122
0.811344805608668	0.7845663265306122
0.8151688973868706	0.7838860544217687
0.8183556405353728	0.7838860544217687
0.8170809432759719	0.7843537414965985
0.8189929891650733	0.7838860544217687
0.8183556405353728	0.7838860544217687
0.8056086679413639	0.7845663265306122
0.8126195028680688	0.7843537414965985
0.8145315487571702	0.7845663265306122
0.8145315487571702	0.7838860544217687
0.8170809432759719	0.7845663265306122
0.8138942001274697	0.7838860544217687
0.8183556405353728	0.7838860544217687
0.8164435946462715	0.7836734693877551
0.8138942001274697	0.7838860544217687
0.8183556405353728	0.7838860544217687
0.8177182919056724	0.7838860544217687
0.8177182919056724	0.7836734693877551
0.815806246016571	0.7845663265306122
0.8049713193116634	0.7845663265306122
0.8145315487571702	0.7845663265306122
0.8177182919056724	0.7838860544217687
0.8183556405353728	0.7838860544217687
0.8196303377947738	0.7838860544217687
0.8145315487571702	0.7845663265306122
0.8177182919056724	0.7838860544217687
0.8177182919056724	0.7845663265306122
0.8196303377947738	0.7838860544217687
0.8189929891650733	0.7838860544217687
0.8068833652007649	0.7848639455782312
0.8107074569789675	0.7845663265306122
0.8183556405353728	0.7838860544217687
0.8189929891650733	0.7838860544217687
0.8170809432759719	0.7838860544217687
0.8145315487571702	0.7838860544217687
0.8183556405353728	0.7845663265306122
0.8132568514977693	0.7845663265306122
0.8189929891650733	0.7838860544217687
0.8094327597195666	0.7832057823129251
0.8177182919056724	0.7838860544217687
0.8183556405353728	0.7838860544217687
0.811344805608668	0.7845663265306122
0.8145315487571702	0.7843537414965985
0.8107074569789675	0.7845663265306122
0.8164435946462715	0.7838860544217687
0.8189929891650733	0.7838860544217687
0.8164435946462715	0.7843537414965985
0.8202676864244742	0.7838860544217687
0.8107074569789675	0.7845663265306122
0.8170809432759719	0.7838860544217687
0.815806246016571	0.7843537414965985
0.8183556405353728	0.7838860544217687
0.8062460165710643	0.7848639455782312
0.815806246016571	0.7838860544217687
0.8100701083492671	0.7845663265306122
0.8094327597195666	0.7845663265306122
0.8145315487571702	0.7838860544217687
0.8170809432759719	0.7845663265306122
0.8100701083492671	0.7845663265306122
0.8094327597195666	0.7845663265306122
0.8100701083492671	0.7845663265306122
0.8119821542383684	0.7838860544217687
0.8177182919056724	0.7838860544217687
0.8189929891650733	0.7838860544217687
0.8170809432759719	0.7845663265306122
0.8164435946462715	0.7838860544217687
0.8017845761631612	0.7845663265306122
0.8170809432759719	0.7838860544217687
0.8151688973868706	0.7838860544217687
0.8183556405353728	0.7838860544217687
0.8170809432759719	0.7838860544217687
0.815806246016571	0.7838860544217687
0.8036966220522626	0.7845663265306122
0.8164435946462715	0.7838860544217687
0.8107074569789675	0.7843537414965985
0.8196303377947738	0.7900085034013605
0.8081580624601657	0.7845663265306122
0.811344805608668	0.7832057823129251
0.8094327597195666	0.7845663265306122
0.8170809432759719	0.7838860544217687
0.8170809432759719	0.7838860544217687
0.8087954110898662	0.7845663265306122
0.8183556405353728	0.7845663265306122
0.8075207138304653	0.7711734693877551
0.815806246016571	0.7846513605442176
0.7896749521988528	0.7553996598639455
0.7718291905672403	0.7472789115646259
0.8189929891650733	0.7836734693877551
0.8119821542383684	0.7836734693877551
0.8068833652007649	0.7847363945578232
0.8164435946462715	0.7856292517006802
0.8062460165710643	0.7843537414965986
0.8126195028680688	0.7843537414965985
0.8107074569789675	0.7829931972789115
0.7845761631612492	0.7571853741496599
0.794136392606756	0.7745748299319728
0.811344805608668	0.7866496598639455
0.8100701083492671	0.7908588435374149
0.7979604843849586	0.7634778911564626
0.8056086679413639	0.782312925170068
0.8145315487571702	0.7836734693877551
0.8138942001274697	0.7836734693877551
0.7852135117909497	0.7690051020408163
0.8087954110898662	0.7727465986394558
0.7979604843849586	0.7775935374149658
0.7603569152326323	0.7474914965986396
0.794136392606756	0.7712585034013605
0.7896749521988528	0.7608843537414967
0.7934990439770554	0.7687074829931971
0.8189929891650733	0.7989795918367347
0.8056086679413639	0.7849489795918367
0.8170809432759719	0.784311224489796
0.7858508604206501	0.7575255102040815
0.7858508604206501	0.7617772108843538
0.7998725302740599	0.7695578231292516
0.7979604843849586	0.7827380952380951
0.7973231357552581	0.7663265306122449
0.8056086679413639	0.7875
0.8049713193116634	0.7820153061224491
0.8075207138304653	0.7823979591836735
0.7711918419375399	0.7476190476190477
0.7845761631612492	0.7792091836734693
0.7992351816443595	0.7622874149659864
0.794136392606756	0.7648384353741495
0.8087954110898662	0.7837159863945578
0.8107074569789675	0.7814200680272109
0.8138942001274697	0.7842261904761904
0.8107074569789675	0.7859693877551021
0.8094327597195666	0.7836734693877551
0.7762906309751434	0.7465986394557824
0.7998725302740599	0.7631802721088435
0.775653282345443	0.7466411564625851
0.8145315487571702	0.7825680272108843
0.8183556405353728	0.7843537414965985
0.7794773741236456	0.7465986394557824
0.7743785850860421	0.7473639455782313
0.8234544295729764	0.7989795918367347
0.7782026768642447	0.7472789115646259
0.7807520713830465	0.7594387755102041
0.8119821542383684	0.7727465986394558
0.7680050987890376	0.7465986394557824
0.8068833652007649	0.784311224489796
0.8030592734225621	0.7759778911564624
0.811344805608668	0.7838860544217687
0.811344805608668	0.7802295918367346
0.8056086679413639	0.7595238095238095
0.8177182919056724	0.7843537414965985
0.8132568514977693	0.7806972789115646
0.8202676864244742	0.7836734693877551
0.7973231357552581	0.7608843537414967
0.7794773741236456	0.7504676870748299
0.8087954110898662	0.770578231292517
0.8183556405353728	0.7815901360544217
0.8005098789037604	0.7600340136054423
0.822817080943276	0.7838010204081632
0.798597833014659	0.7776785714285712
0.8151688973868706	0.7843537414965985
0.8177182919056724	0.7866071428571428
0.7884002549394519	0.760841836734694
0.8164435946462715	0.7843537414965985
0.8036966220522626	0.7693027210884353
0.8151688973868706	0.7843537414965985
0.7992351816443595	0.7812074829931972
0.768642447418738	0.7471938775510204
0.7934990439770554	0.7769132653061224
0.8062460165710643	0.7727465986394558
0.8145315487571702	0.7836734693877551
0.8170809432759719	0.7849914965986394
0.8017845761631612	0.7780612244897961
0.811344805608668	0.7837159863945578
0.8170809432759719	0.7885629251700681
0.804333970681963	0.7823554421768707
0.7864882090503506	0.7697278911564625
0.7954110898661568	0.7788690476190475
0.8068833652007649	0.7780612244897961
0.7922243467176545	0.7713010204081632
0.7979604843849586	0.7581207482993196
0.7782026768642447	0.7458333333333333
0.8132568514977693	0.7836734693877551
0.8119821542383684	0.7872448979591837
0.815806246016571	0.7843537414965985
0.7743785850860421	0.7488520408163265
0.8164435946462715	0.7843537414965985
0.7979604843849586	0.7689200680272109
0.8132568514977693	0.7822278911564626
0.8119821542383684	0.7834608843537415
0.8056086679413639	0.7825255102040816
0.7648183556405354	0.7366496598639457
0.8056086679413639	0.7826530612244899
0.7718291905672403	0.7490221088435375
0.7769279796048438	0.7434948979591839
0.722753346080306	0.6863945578231291
0.7731038878266412	0.7539965986394558
0.8170809432759719	0.7820578231292517
0.7609942638623327	0.7402210884353744
0.727214786488209	0.6866496598639454
0.7476099426386233	0.7551445578231293
0.7641810070108349	0.7338435374149659
0.8068833652007649	0.7822704081632652
0.8138942001274697	0.78609693877551
0.8068833652007649	0.7837159863945578
0.798597833014659	0.769812925170068
0.7979604843849586	0.7811224489795917
0.8177182919056724	0.7883078231292517
0.7603569152326323	0.7444727891156464
0.7329509241555131	0.7043792517006803
0.8049713193116634	0.7845238095238095
0.8145315487571702	0.7845663265306122
0.8068833652007649	0.7816751700680273
0.7992351816443595	0.7656887755102042
0.8017845761631612	0.7806547619047619
0.7973231357552581	0.7826105442176872
0.7278521351179095	0.6832270408163263
0.7743785850860421	0.7553996598639457
0.7603569152326323	0.7660289115646258
0.7711918419375399	0.7636479591836735
0.8017845761631612	0.7829931972789116
0.7590822179732314	0.7460459183673469
0.8119821542383684	0.783375850340136
0.7705544933078394	0.7614795918367349
0.7960484384958573	0.7678571428571429
0.8024219247928617	0.7834183673469387
0.8100701083492671	0.7857568027210886
0.8151688973868706	0.7813775510204081
0.7546207775653282	0.7542517006802721
0.8164435946462715	0.781079931972789
0.8081580624601657	0.7849489795918366
0.7979604843849586	0.7838010204081631
0.780114722753346	0.7511479591836737
0.8107074569789675	0.7816326530612245
0.7915869980879541	0.7690901360544218
0.7616316124920331	0.7313350340136054
0.7903123008285532	0.7690476190476191
0.8138942001274697	0.7985119047619047
0.7221159974506055	0.6864795918367346
0.7660930528999362	0.7566751700680273
0.7590822179732314	0.7420068027210885
0.8030592734225621	0.7816326530612246
0.798597833014659	0.7836734693877551
0.7240280433397068	0.6852891156462584
0.8094327597195666	0.7828656462585034
0.811344805608668	0.7872874149659864
0.8005098789037604	0.7696003401360544
0.8075207138304653	0.7814625850340137
0.7692797960484385	0.7290816326530613
0.768642447418738	0.7434948979591839
0.8036966220522626	0.7865646258503401
0.7960484384958573	0.7677295918367347
0.8126195028680688	0.7831207482993198
0.7571701720841301	0.7434523809523811
0.7590822179732314	0.7414115646258506
0.7705544933078394	0.7579081632653061
0.8087954110898662	0.7883503401360544
0.7648183556405354	0.7438350340136055
0.8107074569789675	0.7823554421768707
0.727214786488209	0.7040816326530612
0.7750159337157425	0.7584608843537417
0.8107074569789675	0.7880102040816326
0.7189292543021033	0.6864795918367346
0.7240280433397068	0.6882227891156462
0.8036966220522626	0.7831207482993198
0.8094327597195666	0.7831207482993198
0.8011472275334608	0.7826105442176872
0.8094327597195666	0.7872874149659864
0.7297641810070108	0.6864795918367346
0.7724665391969407	0.759013605442177
0.7546207775653282	0.7434948979591839
0.7546207775653282	0.7529761904761905
0.769917144678139	0.7304421768707482
0.8126195028680688	0.7811224489795918
0.8011472275334608	0.7863520408163265
0.8100701083492671	0.7851615646258504
0.8183556405353728	0.7980867346938775
0.7660930528999362	0.740093537414966
0.7966857871255577	0.7664965986394559
0.7635436583811345	0.7539540816326532
0.811344805608668	0.7838860544217686
0.734225621414914	0.7092687074829932
0.7648183556405354	0.7461309523809523
0.739961759082218	0.7067602040816328
0.758444869343531	0.7460034013605442
0.8196303377947738	0.798469387755102
0.7202039515615042	0.685501700680272
0.6749521988527725	0.6684523809523809
0.7903123008285532	0.7698129251700682
0.7469725940089229	0.7458333333333335
0.7915869980879541	0.7809523809523812
0.6883365200764818	0.6694302721088435
0.6927979604843849	0.6693027210884354
0.8075207138304653	0.7892006802721089
0.691523263224984	0.6693027210884354
0.8094327597195666	0.7883078231292517
0.8011472275334608	0.7791666666666668
0.7884002549394519	0.7799319727891157
0.7437858508604207	0.736904761904762
0.8164435946462715	0.7979166666666667
0.7884002549394519	0.7644557823129251
0.7966857871255577	0.7795068027210886
0.7437858508604207	0.7050170068027212
0.8202676864244742	0.7980442176870748
0.7367750159337157	0.7414540816326531
0.7208413001912046	0.7032312925170068
0.7380497131931166	0.7047193877551021
0.7903123008285532	0.7793367346938778
0.7386870618228171	0.7464710884353742
0.7966857871255577	0.7799744897959184
0.7380497131931166	0.7379251700680274
0.727214786488209	0.7026360544217688
0.8196303377947738	0.7981292517006803
0.8177182919056724	0.7977040816326532
0.7348629700446144	0.7045493197278913
0.8119821542383684	0.7889030612244899
0.7444231994901211	0.7372023809523809
0.7501593371574251	0.7272959183673469
0.7973231357552581	0.7809098639455783
0.7418738049713193	0.729549319727891
0.7896749521988528	0.779421768707483
0.6673040152963671	0.6694302721088435
0.7934990439770554	0.7651360544217687
0.7947737412364564	0.7677721088435374
0.7960484384958573	0.7682823129251701
0.6889738687061823	0.6693027210884354
0.8189929891650733	0.7977465986394559
0.8049713193116634	0.7878826530612245
0.7954110898661568	0.7806547619047619
0.6819630337794774	0.6693027210884354
0.7405991077119184	0.6943452380952381
0.8017845761631612	0.7794217687074831
0.8005098789037604	0.7795918367346938
0.739961759082218	0.696641156462585
0.7367750159337157	0.7313775510204081
0.680050987890376	0.6694302721088435
0.7833014659018483	0.7651360544217687
0.8030592734225621	0.7834608843537417
0.7979604843849586	0.7834183673469389
0.6749521988527725	0.6693027210884354
0.7444231994901211	0.7306547619047621
0.7903123008285532	0.7803996598639457
0.7393244104525175	0.6951105442176871
0.7501593371574251	0.7466411564625851
0.8107074569789675	0.790093537414966
0.681325685149777	0.6694302721088435
0.7405991077119184	0.6922619047619047
0.6832377310388783	0.6683673469387755
0.7960484384958573	0.7829931972789115
0.8126195028680688	0.7872448979591837
0.7405991077119184	0.7333758503401361
0.8081580624601657	0.789625850340136
0.804333970681963	0.7895408163265306
0.7444231994901211	0.738265306122449
0.7476099426386233	0.7453656462585033
0.7361376673040153	0.7335459183673468
0.7820267686424475	0.7639455782312925
0.7973231357552581	0.765093537414966
0.7393244104525175	0.7401785714285716
0.7903123008285532	0.778826530612245
0.8094327597195666	0.7886904761904762
0.8107074569789675	0.7879676870748299
0.7839388145315488	0.765093537414966
0.811344805608668	0.7897534013605442
0.7495219885277247	0.7414540816326531
0.7934990439770554	0.7819302721088435
0.681325685149777	0.6694302721088435
0.7979604843849586	0.7787840136054422
0.6864244741873805	0.6693027210884354
0.7425111536010197	0.7431122448979592
0.8075207138304653	0.7875850340136056
0.7839388145315488	0.7637329931972789
0.7431485022307202	0.7464710884353742
0.7947737412364564	0.778826530612245
0.7488846398980242	0.7289115646258504
0.7425111536010197	0.7445578231292518
0.7552581261950286	0.7475765306122449
0.7405991077119184	0.732908163265306
0.8119821542383684	0.7797619047619045
0.8011472275334608	0.7802721088435375
0.7966857871255577	0.7805272108843538
0.7864882090503506	0.7799744897959184
0.6851497769279796	0.6693027210884354
0.7355003186743149	0.6907312925170067
0.739961759082218	0.7067176870748298
0.8094327597195666	0.7811649659863945
0.8094327597195666	0.7901360544217687
0.7896749521988528	0.7675170068027212
0.7903123008285532	0.7789115646258504
0.8196303377947738	0.7970663265306122
0.7246653919694073	0.7284863945578232
0.6405353728489483	0.6228316326530613
0.7762906309751434	0.7623299319727892
0.7750159337157425	0.761904761904762
0.7208413001912046	0.7258503401360543
0.8094327597195666	0.782015306122449
0.710006373486297	0.6681122448979591
0.6418100701083492	0.6228316326530613
0.7202039515615042	0.7273384353741494
0.7762906309751434	0.7623299319727892
0.7087316762268961	0.6681547619047618
0.8183556405353728	0.7970663265306122
0.7240280433397068	0.7249999999999999
0.775653282345443	0.761904761904762
0.722753346080306	0.7240221088435372
0.7884002549394519	0.7793792517006803
0.7202039515615042	0.7258503401360543
0.7125557680050988	0.667984693877551
0.8049713193116634	0.7865221088435376
0.7762906309751434	0.7623299319727892
0.8056086679413639	0.7854591836734695
0.8062460165710643	0.7853741496598641
0.8196303377947738	0.7970663265306122
0.7762906309751434	0.7623299319727892
0.6405353728489483	0.6228316326530613
0.8049713193116634	0.7858843537414967
0.7080943275971957	0.6679421768707482
0.7240280433397068	0.7250425170068026
0.715742511153601	0.7220663265306122
0.7890376035691523	0.7799319727891157
0.7233906947100064	0.7286139455782313
0.7214786488209051	0.7271258503401359
0.7093690248565966	0.6683248299319727
0.787125557680051	0.7787840136054422
0.7163798597833014	0.7234268707482994
0.6398980242192479	0.6228316326530613
0.6411727214786488	0.6228316326530613
0.6443594646271511	0.6228316326530613
0.7769279796048438	0.7627551020408163
0.6405353728489483	0.6228316326530613
0.8196303377947738	0.7970663265306122
0.7884002549394519	0.7792517006802722
0.7080943275971957	0.6679421768707482
0.7221159974506055	0.7258503401360543
0.804333970681963	0.7863520408163267
0.7112810707456979	0.6679421768707482
0.8100701083492671	0.7807397959183672
0.7112810707456979	0.6679421768707482
0.6418100701083492	0.6228316326530613
0.8087954110898662	0.781079931972789
0.7890376035691523	0.7675170068027212
0.804333970681963	0.785841836734694
0.7093690248565966	0.6683248299319727
0.8049713193116634	0.7864795918367348
0.7903123008285532	0.7789115646258504
0.7246653919694073	0.7248724489795918
0.6411727214786488	0.6228316326530613
0.7884002549394519	0.7675170068027212
0.7106437221159975	0.6679421768707482
0.8107074569789675	0.7812499999999999
0.7112810707456979	0.6679421768707482
0.804333970681963	0.7859693877551022
0.8075207138304653	0.7857142857142859
0.8056086679413639	0.7852040816326532
0.6418100701083492	0.6228316326530613
0.6418100701083492	0.6228316326530613
0.7762906309751434	0.7623299319727892
0.6405353728489483	0.6228316326530613
0.8024219247928617	0.7859693877551022
0.8049713193116634	0.7859693877551022
0.775653282345443	0.761904761904762
0.6405353728489483	0.6230867346938775
0.7093690248565966	0.6683248299319727
0.8087954110898662	0.782015306122449
0.7884002549394519	0.7675170068027212
0.722753346080306	0.7273384353741494
0.7176545570427023	0.7220663265306122
0.7890376035691523	0.7788265306122449
0.775653282345443	0.7623299319727892
0.8049713193116634	0.7859268707482995
0.715742511153601	0.7236819727891156
0.775653282345443	0.7623299319727892
0.8189929891650733	0.7971513605442176
0.7112810707456979	0.6679421768707482
0.8049713193116634	0.7858843537414967
0.8049713193116634	0.7855017006802723
0.7080943275971957	0.667984693877551
0.6424474187380497	0.6228316326530613
0.7093690248565966	0.6679421768707482
0.7221159974506055	0.7284863945578232
0.7214786488209051	0.7226615646258503
0.7896749521988528	0.7793367346938777
0.6411727214786488	0.6228316326530613
0.8056086679413639	0.7859268707482994
0.7884002549394519	0.7789115646258504
0.7240280433397068	0.7254251700680272
0.638623326959847	0.6230867346938775
0.8183556405353728	0.7838860544217687
0.8183556405353728	0.7838860544217687
0.8183556405353728	0.7838860544217687
0.8183556405353728	0.7838860544217687
0.8183556405353728	0.7838860544217687
0.8183556405353728	0.7838860544217687
0.8183556405353728	0.7838860544217687
0.8183556405353728	0.7838860544217687
0.8183556405353728	0.7838860544217687
0.8183556405353728	0.7838860544217687
0.8183556405353728	0.7838860544217687
0.8183556405353728	0.7838860544217687
0.8183556405353728	0.7838860544217687
0.8183556405353728	0.7838860544217687
0.8183556405353728	0.7838860544217687
0.8183556405353728	0.7838860544217687
0.8183556405353728	0.7838860544217687
0.8183556405353728	0.7838860544217687
0.8183556405353728	0.7838860544217687
0.8183556405353728	0.7838860544217687
0.8183556405353728	0.7838860544217687
0.8183556405353728	0.7838860544217687
0.8183556405353728	0.7838860544217687
0.8183556405353728	0.7838860544217687
0.8183556405353728	0.7838860544217687
0.8183556405353728	0.7838860544217687
0.8183556405353728	0.7838860544217687
0.8183556405353728	0.7838860544217687
0.8183556405353728	0.7838860544217687
0.8183556405353728	0.7838860544217687
0.8183556405353728	0.7838860544217687
0.8183556405353728	0.7838860544217687
0.8183556405353728	0.7838860544217687
0.8183556405353728	0.7838860544217687
0.8183556405353728	0.7838860544217687
0.8183556405353728	0.7838860544217687
0.8183556405353728	0.7838860544217687
0.8183556405353728	0.7838860544217687
0.8183556405353728	0.7838860544217687
0.8183556405353728	0.7838860544217687
0.8183556405353728	0.7838860544217687
0.8183556405353728	0.7838860544217687
0.8183556405353728	0.7838860544217687
0.8183556405353728	0.7838860544217687
0.8183556405353728	0.7838860544217687
0.8183556405353728	0.7838860544217687
0.8183556405353728	0.7838860544217687
0.8183556405353728	0.7838860544217687
0.8183556405353728	0.7838860544217687
0.8183556405353728	0.7838860544217687
0.8183556405353728	0.7838860544217687
0.8183556405353728	0.7838860544217687
0.8183556405353728	0.7838860544217687
0.8183556405353728	0.7838860544217687
0.8183556405353728	0.7838860544217687
0.8183556405353728	0.7838860544217687
0.8183556405353728	0.7838860544217687
0.8183556405353728	0.7838860544217687
0.8183556405353728	0.7838860544217687
0.8183556405353728	0.7838860544217687
0.8183556405353728	0.7838860544217687
0.8183556405353728	0.7838860544217687
0.8183556405353728	0.7838860544217687
0.8183556405353728	0.7838860544217687
0.8183556405353728	0.7838860544217687
0.8183556405353728	0.7838860544217687
0.8183556405353728	0.7838860544217687
0.8183556405353728	0.7838860544217687
0.8183556405353728	0.7838860544217687
0.8183556405353728	0.7838860544217687
0.8183556405353728	0.7838860544217687
0.8183556405353728	0.7838860544217687
0.8183556405353728	0.7838860544217687
0.8183556405353728	0.7838860544217687
0.8183556405353728	0.7838860544217687
0.8183556405353728	0.7838860544217687
0.8183556405353728	0.7838860544217687
0.8183556405353728	0.7838860544217687
0.8183556405353728	0.7838860544217687
0.8183556405353728	0.7838860544217687
0.8183556405353728	0.7838860544217687
0.8183556405353728	0.7838860544217687
0.8183556405353728	0.7838860544217687
0.8183556405353728	0.7838860544217687
0.8183556405353728	0.7838860544217687
0.8183556405353728	0.7838860544217687
0.8183556405353728	0.7838860544217687
0.8183556405353728	0.7838860544217687
0.8183556405353728	0.7838860544217687
0.8183556405353728	0.7838860544217687
0.8183556405353728	0.7838860544217687
0.8183556405353728	0.7838860544217687
0.8183556405353728	0.7838860544217687
0.8183556405353728	0.7838860544217687
0.8183556405353728	0.7838860544217687
0.8183556405353728	0.7838860544217687
0.8183556405353728	0.7838860544217687
0.8183556405353728	0.7838860544217687
0.8183556405353728	0.7838860544217687
0.8183556405353728	0.7838860544217687
0.8177182919056724	0.7845663265306122
0.8202676864244742	0.7838860544217687
0.8075207138304653	0.7848639455782312
0.8170809432759719	0.7845663265306122
0.8170809432759719	0.7845663265306122
0.8126195028680688	0.7845663265306122
0.815806246016571	0.7845663265306122
0.8100701083492671	0.7845663265306122
0.8183556405353728	0.7838860544217687
0.8189929891650733	0.7838860544217687
0.8107074569789675	0.7845663265306122
0.8024219247928617	0.7813775510204082
0.8062460165710643	0.7827806122448979
0.8075207138304653	0.7838860544217687
0.8107074569789675	0.7845663265306122
0.8100701083492671	0.7845663265306122
0.8151688973868706	0.7845663265306122
0.815806246016571	0.7848639455782312
0.8107074569789675	0.7845663265306122
0.8126195028680688	0.7845663265306122
0.8177182919056724	0.7845663265306122
0.8164435946462715	0.7845663265306122
0.8170809432759719	0.7843537414965985
0.8107074569789675	0.7845663265306122
0.8049713193116634	0.7845663265306122
0.8081580624601657	0.7845663265306122
0.8151688973868706	0.7845663265306122
0.8062460165710643	0.7845663265306122
0.8170809432759719	0.7836734693877551
0.8170809432759719	0.7845663265306122
0.815806246016571	0.7845663265306122
0.8202676864244742	0.7845663265306122
0.8126195028680688	0.7845663265306122
0.8132568514977693	0.7845663265306122
0.8126195028680688	0.7838860544217687
0.8209050350541747	0.7838860544217687
0.8062460165710643	0.7845663265306122
0.8094327597195666	0.7845663265306122
0.8196303377947738	0.7838860544217687
0.8075207138304653	0.7832908163265307
0.8145315487571702	0.7845663265306122
0.8170809432759719	0.7838860544217687
0.8100701083492671	0.7845663265306122
0.8151688973868706	0.7838860544217687
0.8151688973868706	0.7838860544217687
0.8100701083492671	0.7843537414965985
0.8081580624601657	0.7845663265306122
0.8138942001274697	0.7845663265306122
0.8189929891650733	0.7836734693877551
0.804333970681963	0.7845663265306122
0.8170809432759719	0.7845663265306122
0.8196303377947738	0.7838860544217687
0.8145315487571702	0.7845663265306122
0.8170809432759719	0.7845663265306122
0.8119821542383684	0.7845663265306122
0.8170809432759719	0.7845663265306122
0.8151688973868706	0.7838860544217687
0.8170809432759719	0.7845663265306122
0.8126195028680688	0.7838860544217687
0.8081580624601657	0.7832057823129251
0.8209050350541747	0.7838860544217687
0.815806246016571	0.7845663265306122
0.8151688973868706	0.7829931972789115
0.8183556405353728	0.7838860544217687
0.8151688973868706	0.7838860544217687
0.8164435946462715	0.7845663265306122
0.8081580624601657	0.7845663265306122
0.8196303377947738	0.7838860544217687
0.8138942001274697	0.7845663265306122
0.8138942001274697	0.7830782312925171
0.8062460165710643	0.7845663265306122
0.815806246016571	0.7845663265306122
0.8075207138304653	0.7845663265306122
0.815806246016571	0.7845663265306122
0.8177182919056724	0.7845663265306122
0.8145315487571702	0.7838860544217687
0.8170809432759719	0.7845663265306122
0.8138942001274697	0.7845663265306122
0.8189929891650733	0.7845663265306122
0.8202676864244742	0.7845663265306122
0.8094327597195666	0.7845663265306122
0.815806246016571	0.7845663265306122
0.8126195028680688	0.7838860544217687
0.8151688973868706	0.7845663265306122
0.8151688973868706	0.7845663265306122
0.8107074569789675	0.7845663265306122
0.8126195028680688	0.7845663265306122
0.8100701083492671	0.7843537414965985
0.8138942001274697	0.7845663265306122
0.8119821542383684	0.7845663265306122
0.8183556405353728	0.7832057823129251
0.8164435946462715	0.7845663265306122
0.8081580624601657	0.7845663265306122
0.8164435946462715	0.7838860544217687
0.8170809432759719	0.7845663265306122
0.8164435946462715	0.7845663265306122
0.8081580624601657	0.7845663265306122
0.8119821542383684	0.7829931972789115
0.8094327597195666	0.7845663265306122
0.8164435946462715	0.7838860544217687
0.8024219247928617	0.7727465986394558
0.8151688973868706	0.7843112244897958
0.8189929891650733	0.7985119047619047
0.787125557680051	0.7503401360544218
0.8107074569789675	0.7822278911564626
0.811344805608668	0.770578231292517
0.8177182919056724	0.7868622448979592
0.8100701083492671	0.7820153061224491
0.8107074569789675	0.7843537414965985
0.7654557042702358	0.7435374149659865
0.8132568514977693	0.7852465986394557
0.8075207138304653	0.786267006802721
0.8100701083492671	0.7886054421768706
0.8119821542383684	0.7843537414965986
0.8196303377947738	0.7836734693877551
0.7947737412364564	0.7783163265306122
0.7546207775653282	0.7436224489795918
0.7845761631612492	0.7616071428571429
0.7820267686424475	0.7466411564625851
0.7775653282345443	0.747874149659864
0.7934990439770554	0.7788690476190475
0.8094327597195666	0.7825255102040816
0.8094327597195666	0.7862244897959183
0.8087954110898662	0.7816751700680272
0.8119821542383684	0.7717261904761905
0.8075207138304653	0.7711734693877551
0.7731038878266412	0.7474489795918368
0.762906309751434	0.7467687074829932
0.8068833652007649	0.7815051020408162
0.8087954110898662	0.7816751700680272
0.8100701083492671	0.7864795918367347
0.815806246016571	0.7821003401360545
0.7992351816443595	0.7683248299319728
0.8062460165710643	0.7820153061224491
0.787125557680051	0.7604166666666666
0.8189929891650733	0.7837159863945578
0.7794773741236456	0.7482142857142857
0.8119821542383684	0.7863945578231292
0.7609942638623327	0.7470663265306122
0.768642447418738	0.7469387755102042
0.8056086679413639	0.7709183673469387
0.811344805608668	0.7843962585034013
0.8126195028680688	0.7858843537414966
0.7884002549394519	0.7706632653061224
0.7973231357552581	0.782142857142857
0.7947737412364564	0.7621173469387755
0.7973231357552581	0.7709183673469386
0.8107074569789675	0.7816326530612245
0.7884002549394519	0.7657738095238094
0.7833014659018483	0.749702380952381
0.8164435946462715	0.7989795918367347
0.798597833014659	0.7816751700680272
0.8011472275334608	0.7811224489795917
0.7915869980879541	0.7630527210884352
0.7960484384958573	0.783545918367347
0.794136392606756	0.7619472789115646
0.8107074569789675	0.7838860544217687
0.7807520713830465	0.7583333333333332
0.7903123008285532	0.7613945578231294
0.8132568514977693	0.7836734693877551
0.8024219247928617	0.7797619047619048
0.8145315487571702	0.7836734693877551
0.8011472275334608	0.7712159863945579
0.7858508604206501	0.751062925170068
0.8049713193116634	0.7818027210884352
0.8132568514977693	0.7836734693877551
0.794136392606756	0.7702380952380952
0.8075207138304653	0.782015306122449
0.8107074569789675	0.7843537414965985
0.8119821542383684	0.7843537414965985
0.7998725302740599	0.78031462585034
0.7966857871255577	0.7621173469387755
0.8170809432759719	0.7838860544217687
0.7743785850860421	0.747406462585034
0.7648183556405354	0.7460034013605442
0.7833014659018483	0.7512329931972789
0.7609942638623327	0.7437074829931973
0.8100701083492671	0.7718112244897959
0.8132568514977693	0.7818027210884354
0.8024219247928617	0.7687074829931971
0.7909496494582536	0.7524234693877552
0.7852135117909497	0.7594387755102041
0.7973231357552581	0.770578231292517
0.8081580624601657	0.7699404761904761
0.8145315487571702	0.7858418367346939
0.8024219247928617	0.7820153061224491
0.7565328234544296	0.7438775510204081
0.8151688973868706	0.7879251700680271
0.8068833652007649	0.7803146258503401
0.792861695347355	0.7616921768707482
0.8215423836838751	0.7989795918367347
0.7890376035691523	0.7639455782312925
0.8017845761631612	0.762202380952381
0.8126195028680688	0.7830782312925171
0.7979604843849586	0.7697278911564625
0.8094327597195666	0.7856292517006802
0.780114722753346	0.751955782312925
0.8177182919056724	0.7836734693877551
0.8030592734225621	0.7684948979591835
0.8081580624601657	0.7793367346938775
0.8081580624601657	0.7844812925170067
0.7667304015296367	0.7651785714285714
0.6947100063734863	0.6706207482993197
0.7546207775653282	0.7292091836734694
0.8081580624601657	0.7866921768707482
0.739961759082218	0.7228316326530613
0.7335882727852135	0.6853741496598639
0.8036966220522626	0.7860969387755101
0.7444231994901211	0.7288265306122449
0.7711918419375399	0.7563350340136056
0.8024219247928617	0.7881377551020409
0.7903123008285532	0.7793792517006803
0.768642447418738	0.7672619047619048
0.8107074569789675	0.7852891156462586
0.704270235818993	0.6708758503401361
0.7660930528999362	0.7455357142857143
0.815806246016571	0.7851615646258504
0.7310388782664117	0.6863095238095236
0.7374123645634162	0.6853741496598639
0.7654557042702358	0.7400085034013607
0.7947737412364564	0.7835884353741496
0.7998725302740599	0.7812074829931974
0.8094327597195666	0.7832908163265306
0.758444869343531	0.7475340136054422
0.8119821542383684	0.785841836734694
0.7743785850860421	0.7536139455782315
0.769917144678139	0.7616496598639456
0.7896749521988528	0.7810799319727891
0.7004461440407903	0.6708758503401361
0.762906309751434	0.7386904761904761
0.7049075844486934	0.6708758503401361
0.8005098789037604	0.7879251700680271
0.7680050987890376	0.7472789115646259
0.7609942638623327	0.7419642857142856
0.739961759082218	0.6853741496598639
0.7253027405991077	0.6853741496598639
0.8183556405353728	0.7989795918367347
0.8094327597195666	0.788562925170068
0.7029955385595921	0.6706632653061225
0.6959847036328872	0.6706632653061225
0.8100701083492671	0.788562925170068
0.8107074569789675	0.7840986394557822
0.7533460803059273	0.7490646258503401
0.7259400892288081	0.6854166666666666
0.727214786488209	0.6865646258503398
0.7909496494582536	0.769515306122449
0.7616316124920331	0.7426020408163266
0.8062460165710643	0.7843962585034013
0.798597833014659	0.7678571428571429
0.7947737412364564	0.7697278911564626
0.6826003824091779	0.6706632653061225
0.8151688973868706	0.7833333333333333
0.7546207775653282	0.7420068027210885
0.7488846398980242	0.7280187074829932
0.7603569152326323	0.7477040816326531
0.7648183556405354	0.7602891156462586
0.7641810070108349	0.7435799319727893
0.7061822817080943	0.6708758503401361
0.794136392606756	0.7829506802721089
0.7992351816443595	0.780527210884354
0.758444869343531	0.7356717687074831
0.6902485659655831	0.6706632653061225
0.7571701720841301	0.7409013605442178
0.804333970681963	0.7868197278911564
0.7635436583811345	0.7434948979591839
0.8094327597195666	0.7843537414965986
0.762906309751434	0.7545493197278912
0.7590822179732314	0.7479591836734694
0.7622689611217336	0.7457908163265308
0.7673677501593371	0.7448979591836735
0.8056086679413639	0.7679421768707484
0.7622689611217336	0.7479591836734693
0.7565328234544296	0.7189625850340136
0.8170809432759719	0.7980442176870748
0.8075207138304653	0.7827806122448979
0.798597833014659	0.7852465986394557
0.7182919056724028	0.6863945578231291
0.804333970681963	0.7848639455782311
0.6927979604843849	0.6691326530612245
0.8126195028680688	0.7831207482993198
0.6998087954110899	0.6708758503401361
0.7017208413001912	0.6687074829931973
0.7769279796048438	0.7652636054421769
0.8107074569789675	0.7865646258503401
0.6921606118546845	0.6708758503401361
0.8024219247928617	0.7829506802721088
0.7527087316762269	0.7320578231292516
0.7711918419375399	0.7433673469387757
0.794136392606756	0.7689200680272109
0.6826003824091779	0.6701105442176871
0.7195666029318037	0.6840986394557823
0.7864882090503506	0.7690476190476191
0.8024219247928617	0.7878401360544217
0.751434034416826	0.7363945578231291
0.7444231994901211	0.7321003401360545
0.7507966857871256	0.7454931972789116
0.8036966220522626	0.7679421768707484
0.7036328871892925	0.6698979591836735
0.7960484384958573	0.7820153061224492
0.8132568514977693	0.785076530612245
0.7412364563416188	0.7065901360544217
0.7425111536010197	0.7370323129251701
0.6851497769279796	0.6693027210884354
0.7769279796048438	0.7637755102040817
0.7278521351179095	0.7233418367346939
0.7405991077119184	0.7124999999999999
0.8196303377947738	0.7977465986394557
0.7093690248565966	0.6947704081632652
0.6806883365200764	0.6694302721088435
0.7973231357552581	0.7797193877551022
0.7348629700446144	0.7130102040816326
0.745697896749522	0.703826530612245
0.7361376673040153	0.7060374149659864
0.804333970681963	0.7893282312925171
0.7782026768642447	0.7614795918367346
0.645634161886552	0.6026360544217687
0.6469088591459529	0.6190901360544218
0.6424474187380497	0.619047619047619
0.7826641172721479	0.7651785714285714
0.7393244104525175	0.6911989795918367
0.6347992351816444	0.6020833333333332
0.7833014659018483	0.7599914965986394
0.7437858508604207	0.7310799319727892
0.7323135755258127	0.7273384353741496
0.7425111536010197	0.74375
0.792861695347355	0.7801020408163267
0.7852135117909497	0.7614795918367346
0.6437221159974506	0.6192602040816325
0.7858508604206501	0.7612670068027211
0.7125557680050988	0.6949404761904762
0.7355003186743149	0.7283588435374149
0.7361376673040153	0.7290391156462585
0.7858508604206501	0.7651360544217687
0.8081580624601657	0.7882227891156462
0.6953473550031868	0.6694302721088435
0.7405991077119184	0.7449404761904762
0.7437858508604207	0.7368622448979594
0.8094327597195666	0.7876275510204082
0.7896749521988528	0.7613095238095238
0.7348629700446144	0.7315051020408163
0.8036966220522626	0.7888605442176873
0.7992351816443595	0.7806547619047619
0.7367750159337157	0.7298044217687074
0.7450605481198216	0.7415816326530612
0.6819630337794774	0.6693027210884354
0.6698534098151689	0.6693027210884354
0.7380497131931166	0.7341836734693878
0.8075207138304653	0.7897108843537415
0.7380497131931166	0.7452380952380953
0.6794136392606756	0.6694302721088435
0.638623326959847	0.575637755102041
0.7361376673040153	0.7380527210884354
0.7903123008285532	0.7637329931972789
0.7316762268961122	0.702891156462585
0.7775653282345443	0.7601615646258503
0.7444231994901211	0.7406037414965987
0.7068196303377948	0.696768707482993
0.8081580624601657	0.787159863945578
0.6418100701083492	0.6192176870748299
0.7431485022307202	0.7373299319727893
0.8056086679413639	0.777763605442177
0.7915869980879541	0.7637755102040816
0.7367750159337157	0.7473639455782313
0.7380497131931166	0.7096938775510203
0.7437858508604207	0.7282312925170068
0.7310388782664117	0.7281887755102041
0.7240280433397068	0.698171768707483
0.7106437221159975	0.6943877551020406
0.7329509241555131	0.6996173469387755
0.775653282345443	0.7603316326530611
0.8056086679413639	0.7893707482993197
0.7915869980879541	0.7796343537414967
0.7979604843849586	0.7701530612244898
0.7501593371574251	0.7415391156462585
0.7131931166347992	0.6949404761904762
0.6857871255576801	0.6693027210884354
0.7482472912683238	0.7289965986394557
0.7418738049713193	0.7368197278911564
0.7112810707456979	0.6982568027210884
0.7450605481198216	0.7387755102040817
0.7469725940089229	0.7446853741496597
0.8094327597195666	0.7894132653061224
0.7355003186743149	0.7290391156462586
0.8094327597195666	0.7888180272108846
0.7954110898661568	0.7825680272108844
0.7864882090503506	0.7618622448979592
0.8075207138304653	0.7890731292517008
0.798597833014659	0.7802295918367348
0.7437858508604207	0.7408163265306122
0.6373486297004461	0.6030187074829932
0.7138304652644997	0.6967687074829932
0.7807520713830465	0.7622874149659864
0.7310388782664117	0.7324404761904763
0.745697896749522	0.7288265306122449
0.8087954110898662	0.7877551020408162
0.7361376673040153	0.7024659863945579
0.7418738049713193	0.7461734693877553
0.780114722753346	0.760969387755102
0.7138304652644997	0.6944727891156461
0.7909496494582536	0.7744897959183674
0.7724665391969407	0.7533163265306122
0.7214786488209051	0.7258503401360543
0.6424474187380497	0.6228316326530613
0.7233906947100064	0.725892857142857
0.8056086679413639	0.7863520408163266
0.7890376035691523	0.7675170068027212
0.681325685149777	0.6494472789115646
0.7724665391969407	0.7533163265306122
0.7106437221159975	0.6679421768707482
0.5838113448056087	0.552423469387755
0.5812619502868069	0.5523809523809523
0.7221159974506055	0.7273384353741494
0.5818992989165074	0.5520833333333334
0.7214786488209051	0.725892857142857
0.7737412364563416	0.7533163265306122
0.7731038878266412	0.7533163265306122
0.6775015933715742	0.6500850340136054
0.6768642447418738	0.6489795918367347
0.8049713193116634	0.786309523809524
0.7769279796048438	0.761904761904762
0.6424474187380497	0.6228316326530613
0.5806246016571064	0.5523809523809523
0.7737412364563416	0.7535289115646258
0.7737412364563416	0.7533588435374149
0.7138304652644997	0.6993197278911565
0.7884002549394519	0.7799319727891157
0.7112810707456979	0.6683673469387755
0.7221159974506055	0.725892857142857
0.5825366475462078	0.5523809523809523
0.680050987890376	0.6494897959183673
0.7093690248565966	0.6683248299319727
0.8062460165710643	0.7853316326530614
0.7119184193753983	0.667984693877551
0.7890376035691523	0.7675170068027212
0.710006373486297	0.667984693877551
0.6819630337794774	0.6494472789115646
0.7731038878266412	0.7533163265306122
0.710006373486297	0.6679421768707482
0.7106437221159975	0.6683248299319727
0.7896749521988528	0.7793367346938777
0.5825366475462078	0.5521258503401361
0.7890376035691523	0.7794642857142857
0.6398980242192479	0.6230867346938775
0.7769279796048438	0.7618197278911565
0.804333970681963	0.7857142857142859
0.7731038878266412	0.7533163265306122
0.8087954110898662	0.7805272108843535
0.7138304652644997	0.6992772108843538
0.7782026768642447	0.7623299319727892
0.8056086679413639	0.7865221088435376
0.7890376035691523	0.7789115646258504
0.8056086679413639	0.7863520408163267
0.6418100701083492	0.6228316326530613
0.7724665391969407	0.7533163265306122
0.645634161886552	0.6228316326530613
0.7731038878266412	0.7531887755102039
0.7074569789674953	0.667984693877551
0.6405353728489483	0.6228316326530613
0.6424474187380497	0.6228316326530613
0.7106437221159975	0.6683248299319727
0.7731038878266412	0.7534438775510204
0.6806883365200764	0.6494472789115646
0.7087316762268961	0.6683248299319727
0.8183556405353728	0.7970663265306122
0.7233906947100064	0.7271683673469387
0.7221159974506055	0.7245323129251701
0.7896749521988528	0.7789115646258504
0.7737412364563416	0.7535289115646258
0.6794136392606756	0.6491496598639457
0.7240280433397068	0.7275510204081633
0.7080943275971957	0.6679421768707482
0.6418100701083492	0.6228316326530613
0.7896749521988528	0.7789115646258504
0.7233906947100064	0.725892857142857
0.722753346080306	0.7297619047619047
0.7896749521988528	0.7789115646258504
0.7762906309751434	0.7623299319727892
0.6430847673677501	0.6228316326530613
0.7233906947100064	0.7273384353741494
0.6787762906309751	0.6479166666666667
0.7884002549394519	0.7789115646258504
0.7769279796048438	0.7623299319727892
0.6794136392606756	0.6491921768707484
0.8056086679413639	0.7857568027210886
0.775653282345443	0.7627551020408163
0.7775653282345443	0.7623299319727892
0.7769279796048438	0.7623299319727892
0.7896749521988528	0.7793367346938777
0.7769279796048438	0.761904761904762
0.6806883365200764	0.6500425170068027
0.8189929891650733	0.7970663265306122
0.722753346080306	0.725892857142857
0.7202039515615042	0.7271683673469387
0.722753346080306	0.725892857142857
0.7119184193753983	0.6993622448979592
0.710006373486297	0.6679421768707482
0.7858508604206501	0.7792942176870749
0.7743785850860421	0.7533163265306122
0.6405353728489483	0.6228316326530613
0.681325685149777	0.6491496598639457
0.8183556405353728	0.7838860544217687
0.8183556405353728	0.7838860544217687
0.8183556405353728	0.7838860544217687
0.8183556405353728	0.7838860544217687
0.8183556405353728	0.7838860544217687
0.8183556405353728	0.7838860544217687
0.8183556405353728	0.7838860544217687
0.8183556405353728	0.7838860544217687
0.8183556405353728	0.7838860544217687
0.8183556405353728	0.7838860544217687
0.8183556405353728	0.7838860544217687
0.8183556405353728	0.7838860544217687
0.8183556405353728	0.7838860544217687
0.8183556405353728	0.7838860544217687
0.8183556405353728	0.7838860544217687
0.8183556405353728	0.7838860544217687
0.8183556405353728	0.7838860544217687
0.8183556405353728	0.7838860544217687
0.8183556405353728	0.7838860544217687
0.8183556405353728	0.7838860544217687
0.8183556405353728	0.7838860544217687
0.8183556405353728	0.7838860544217687
0.8183556405353728	0.7838860544217687
0.8183556405353728	0.7838860544217687
0.8183556405353728	0.7838860544217687
0.8183556405353728	0.7838860544217687
0.8183556405353728	0.7838860544217687
0.8183556405353728	0.7838860544217687
0.8183556405353728	0.7838860544217687
0.8183556405353728	0.7838860544217687
0.8183556405353728	0.7838860544217687
0.8183556405353728	0.7838860544217687
0.8183556405353728	0.7838860544217687
0.8183556405353728	0.7838860544217687
0.8183556405353728	0.7838860544217687
0.8183556405353728	0.7838860544217687
0.8183556405353728	0.7838860544217687
0.8183556405353728	0.7838860544217687
0.8183556405353728	0.7838860544217687
0.8183556405353728	0.7838860544217687
0.8183556405353728	0.7838860544217687
0.8183556405353728	0.7838860544217687
0.8183556405353728	0.7838860544217687
0.8183556405353728	0.7838860544217687
0.8183556405353728	0.7838860544217687
0.8183556405353728	0.7838860544217687
0.8183556405353728	0.7838860544217687
0.8183556405353728	0.7838860544217687
0.8183556405353728	0.7838860544217687
0.8183556405353728	0.7838860544217687
0.8183556405353728	0.7838860544217687
0.8183556405353728	0.7838860544217687
0.8183556405353728	0.7838860544217687
0.8183556405353728	0.7838860544217687
0.8183556405353728	0.7838860544217687
0.8183556405353728	0.7838860544217687
0.8183556405353728	0.7838860544217687
0.8183556405353728	0.7838860544217687
0.8183556405353728	0.7838860544217687
0.8183556405353728	0.7838860544217687
0.8183556405353728	0.7838860544217687
0.8183556405353728	0.7838860544217687
0.8183556405353728	0.7838860544217687
0.8183556405353728	0.7838860544217687
0.8183556405353728	0.7838860544217687
0.8183556405353728	0.7838860544217687
0.8183556405353728	0.7838860544217687
0.8183556405353728	0.7838860544217687
0.8183556405353728	0.7838860544217687
0.8183556405353728	0.7838860544217687
0.8183556405353728	0.7838860544217687
0.8183556405353728	0.7838860544217687
0.8183556405353728	0.7838860544217687
0.8183556405353728	0.7838860544217687
0.8183556405353728	0.7838860544217687
0.8183556405353728	0.7838860544217687
0.8183556405353728	0.7838860544217687
0.8183556405353728	0.7838860544217687
0.8183556405353728	0.7838860544217687
0.8183556405353728	0.7838860544217687
0.8183556405353728	0.7838860544217687
0.8183556405353728	0.7838860544217687
0.8183556405353728	0.7838860544217687
0.8183556405353728	0.7838860544217687
0.8183556405353728	0.7838860544217687
0.8183556405353728	0.7838860544217687
0.8183556405353728	0.7838860544217687
0.8183556405353728	0.7838860544217687
0.8183556405353728	0.7838860544217687
0.8183556405353728	0.7838860544217687
0.8183556405353728	0.7838860544217687
0.8183556405353728	0.7838860544217687
0.8183556405353728	0.7838860544217687
0.8183556405353728	0.7838860544217687
0.8183556405353728	0.7838860544217687
0.8183556405353728	0.7838860544217687
0.8183556405353728	0.7838860544217687
0.8183556405353728	0.7838860544217687
0.8183556405353728	0.7838860544217687
0.8183556405353728	0.7838860544217687
0.8145315487571702	0.7843537414965985
0.8138942001274697	0.7845663265306122
0.8151688973868706	0.7845663265306122
0.815806246016571	0.7838860544217687
0.8151688973868706	0.7845663265306122
0.8126195028680688	0.7845663265306122
0.8081580624601657	0.7838860544217687
0.8126195028680688	0.7845663265306122
0.8151688973868706	0.7845663265306122
0.8005098789037604	0.7845663265306122
0.8132568514977693	0.7845663265306122
0.8151688973868706	0.7845663265306122
0.8132568514977693	0.7845663265306122
0.8036966220522626	0.7845663265306122
0.8177182919056724	0.7845663265306122
0.8132568514977693	0.7845663265306122
0.798597833014659	0.7813775510204082
0.8062460165710643	0.7832057823129251
0.8196303377947738	0.7845663265306122
0.8145315487571702	0.7843537414965985
0.8145315487571702	0.7845663265306122
0.8170809432759719	0.7843537414965985
0.8036966220522626	0.7813775510204082
0.811344805608668	0.7845663265306122
0.8126195028680688	0.7845663265306122
0.8138942001274697	0.7838860544217687
0.8145315487571702	0.7845663265306122
0.8024219247928617	0.7832057823129251
0.8164435946462715	0.7845663265306122
0.8062460165710643	0.7838860544217687
0.8094327597195666	0.7838860544217687
0.8177182919056724	0.7838860544217687
0.8107074569789675	0.7845663265306122
0.8107074569789675	0.7845663265306122
0.8100701083492671	0.7845663265306122
0.8183556405353728	0.7838860544217687
0.8138942001274697	0.7838860544217687
0.8094327597195666	0.7845663265306122
0.8138942001274697	0.7845663265306122
0.811344805608668	0.7845663265306122
0.811344805608668	0.7832057823129251
0.8138942001274697	0.7845663265306122
0.8075207138304653	0.7845663265306122
0.8145315487571702	0.7836734693877551
0.8132568514977693	0.7838860544217687
0.8164435946462715	0.7845663265306122
0.8094327597195666	0.7845663265306122
0.8164435946462715	0.7838860544217687
0.8107074569789675	0.7845663265306122
0.8100701083492671	0.7832057823129251
0.815806246016571	0.7838860544217687
0.8094327597195666	0.7845663265306122
0.8062460165710643	0.7845663265306122
0.8170809432759719	0.7845663265306122
0.8126195028680688	0.7845663265306122
0.8164435946462715	0.7845663265306122
0.8081580624601657	0.7845663265306122
0.815806246016571	0.7838860544217687
0.8151688973868706	0.7845663265306122
0.8138942001274697	0.7845663265306122
0.8068833652007649	0.7845663265306122
0.8107074569789675	0.7845663265306122
0.8107074569789675	0.7845663265306122
0.8145315487571702	0.7845663265306122
0.8081580624601657	0.7845663265306122
0.8177182919056724	0.7838860544217687
0.8107074569789675	0.7845663265306122
0.8196303377947738	0.7838860544217687
0.8094327597195666	0.7838860544217687
0.8221797323135756	0.7845663265306122
0.8189929891650733	0.7845663265306122
0.8145315487571702	0.7845663265306122
0.8170809432759719	0.7845663265306122
0.8177182919056724	0.7845663265306122
0.8183556405353728	0.7838860544217687
0.804333970681963	0.7843537414965985
0.8145315487571702	0.7846513605442176
0.8177182919056724	0.7845663265306122
0.8138942001274697	0.7838860544217687
0.8151688973868706	0.7845663265306122
0.8145315487571702	0.7845663265306122
0.8145315487571702	0.7836734693877551
0.8119821542383684	0.7845663265306122
0.8132568514977693	0.7843537414965985
0.8151688973868706	0.7845663265306122
0.8138942001274697	0.7845663265306122
0.8177182919056724	0.7838860544217687
0.8145315487571702	0.7843537414965985
0.8132568514977693	0.7845663265306122
0.8107074569789675	0.7838860544217687
0.8056086679413639	0.7843537414965985
0.8075207138304653	0.7845663265306122
0.8075207138304653	0.7832057823129251
0.8030592734225621	0.7848639455782312
0.811344805608668	0.7845663265306122
0.8145315487571702	0.7838860544217687
0.8170809432759719	0.7838860544217687
0.8094327597195666	0.7843537414965985
0.8189929891650733	0.7838860544217687
0.8138942001274697	0.7845663265306122
0.794136392606756	0.761437074829932
0.7884002549394519	0.7769132653061225
0.7858508604206501	0.751062925170068
0.7884002549394519	0.7675595238095236
0.7909496494582536	0.7627125850340135
0.7947737412364564	0.7661989795918366
0.8062460165710643	0.7817176870748298
0.7769279796048438	0.7513180272108844
0.7858508604206501	0.7523384353741496
0.7609942638623327	0.7356717687074832
0.7743785850860421	0.7478316326530613
0.792861695347355	0.7618197278911565
0.7788400254939452	0.7515731292517007
0.7820267686424475	0.7542517006802721
0.7954110898661568	0.7648809523809523
0.7877629063097514	0.7679421768707483
0.7641810070108349	0.7466411564625851
0.8075207138304653	0.7816751700680272
0.8087954110898662	0.7843962585034012
0.7648183556405354	0.7459183673469387
0.8132568514977693	0.7846513605442177
0.792861695347355	0.7665816326530611
0.7807520713830465	0.7781887755102039
0.7546207775653282	0.7464285714285716
0.7966857871255577	0.7608418367346939
0.792861695347355	0.7618622448979592
0.7915869980879541	0.7772534013605441
0.8119821542383684	0.7843537414965985
0.8145315487571702	0.7816751700680272
0.7884002549394519	0.7636904761904761
0.8119821542383684	0.7836734693877551
0.7884002549394519	0.7561649659863946
0.7609942638623327	0.7360969387755103
0.7884002549394519	0.7662840136054421
0.768642447418738	0.7470663265306123
0.7680050987890376	0.7473214285714286
0.8024219247928617	0.783078231292517
0.7641810070108349	0.7423469387755103
0.8183556405353728	0.7836734693877551
0.7833014659018483	0.7620748299319726
0.7794773741236456	0.7528911564625851
0.792861695347355	0.7640306122448979
0.7960484384958573	0.7659438775510203
0.8164435946462715	0.7836734693877551
0.7590822179732314	0.7480442176870749
0.7552581261950286	0.7399659863945577
0.7833014659018483	0.7510204081632653
0.8068833652007649	0.7826955782312924
0.811344805608668	0.7820153061224491
0.780114722753346	0.7770408163265307
0.7616316124920331	0.7466836734693878
0.7641810070108349	0.738265306122449
0.7839388145315488	0.7577806122448979
0.8196303377947738	0.7843537414965985
0.7915869980879541	0.761734693877551
0.7826641172721479	0.7512329931972789
0.7852135117909497	0.7603316326530613
0.8132568514977693	0.7708758503401361
0.781389420012747	0.7523809523809523
0.8068833652007649	0.7830357142857143
0.7979604843849586	0.7653486394557822
0.7692797960484385	0.7463010204081633
0.7903123008285532	0.7674319727891155
0.8062460165710643	0.7826955782312924
0.8170809432759719	0.7843537414965985
0.7858508604206501	0.7526785714285714
0.7884002549394519	0.7647959183673471
0.7731038878266412	0.7414115646258504
0.8017845761631612	0.7619897959183672
0.7673677501593371	0.7469387755102042
0.7648183556405354	0.7406887755102041
0.8081580624601657	0.7852465986394557
0.7788400254939452	0.7663265306122449
0.7922243467176545	0.7683248299319726
0.7762906309751434	0.7505952380952381
0.7590822179732314	0.7459183673469387
0.7839388145315488	0.7700255102040816
0.7775653282345443	0.7473214285714286
0.775653282345443	0.7546768707482993
0.7711918419375399	0.7509353741496599
0.7788400254939452	0.7532312925170068
0.792861695347355	0.7614370748299318
0.8068833652007649	0.7829081632653061
0.7788400254939452	0.7525510204081632
0.7896749521988528	0.7472789115646258
0.7833014659018483	0.7627125850340134
0.7934990439770554	0.7595663265306123
0.7539834289356278	0.7368197278911566
0.7635436583811345	0.7474914965986396
0.7520713830465264	0.7476190476190477
0.7635436583811345	0.7424744897959185
0.7858508604206501	0.7613520408163266
0.8177182919056724	0.7856292517006802
0.7539834289356278	0.741624149659864
0.7922243467176545	0.7607993197278912
0.8209050350541747	0.7838860544217687
0.8075207138304653	0.7816326530612245
0.7782026768642447	0.7474914965986394
0.8036966220522626	0.7821003401360545
0.7947737412364564	0.7701955782312925
0.6953473550031868	0.6706632653061225
0.7992351816443595	0.7816751700680272
0.6832377310388783	0.6625
0.7335882727852135	0.7084608843537414
0.687061822817081	0.6706632653061225
0.7418738049713193	0.6875425170068026
0.798597833014659	0.7808248299319728
0.6902485659655831	0.6706632653061225
0.7291268323773104	0.6861394557823127
0.7711918419375399	0.7417091836734694
0.7093690248565966	0.6804421768707485
0.7578075207138305	0.7457057823129252
0.7488846398980242	0.7264880952380951
0.7966857871255577	0.7687500000000002
0.7482472912683238	0.7306122448979592
0.775653282345443	0.7578656462585035
0.7482472912683238	0.7291241496598639
0.7609942638623327	0.7415391156462585
0.8075207138304653	0.7689200680272109
0.7724665391969407	0.7473639455782314
0.7603569152326323	0.7489370748299319
0.7482472912683238	0.7293792517006802
0.8017845761631612	0.78703231292517
0.7915869980879541	0.7808673469387755
0.8151688973868706	0.7835884353741496
0.7635436583811345	0.749234693877551
0.698534098151689	0.6706632653061225
0.798597833014659	0.7776785714285713
0.7603569152326323	0.7488095238095238
0.8062460165710643	0.7869047619047619
0.7138304652644997	0.6850340136054421
0.7482472912683238	0.7223639455782312
0.8011472275334608	0.7812074829931974
0.7036328871892925	0.6697278911564626
0.727214786488209	0.7067602040816328
0.7374123645634162	0.7282738095238095
0.7597195666029318	0.7339285714285714
0.7469725940089229	0.7191751700680271
0.7775653282345443	0.7515731292517007
0.7705544933078394	0.7514880952380953
0.7641810070108349	0.7511479591836735
0.8132568514977693	0.7985969387755102
0.7858508604206501	0.7809948979591836
0.7367750159337157	0.7286139455782313
0.7641810070108349	0.7502551020408164
0.6953473550031868	0.6702806122448981
0.7954110898661568	0.7818877551020408
0.7151051625239006	0.6712585034013604
0.7386870618228171	0.7215561224489797
0.7367750159337157	0.7311649659863946
0.734225621414914	0.6862244897959182
0.7934990439770554	0.7806972789115647
0.7635436583811345	0.7516156462585035
0.7992351816443595	0.7698554421768707
0.7680050987890376	0.739498299319728
0.7616316124920331	0.7421343537414967
0.7622689611217336	0.7393707482993197
0.7979604843849586	0.7819302721088436
0.7233906947100064	0.6830357142857142
0.7922243467176545	0.7808248299319728
0.7374123645634162	0.7187925170068027
0.7437858508604207	0.7319727891156462
0.7501593371574251	0.7323129251700679
0.7017208413001912	0.6807397959183672
0.6864244741873805	0.6706632653061225
0.798597833014659	0.7689625850340136
0.7029955385595921	0.6698979591836735
0.745697896749522	0.6854166666666666
0.7310388782664117	0.6862244897959182
0.7654557042702358	0.7635629251700681
0.7055449330783938	0.6704081632653061
0.7138304652644997	0.6838435374149661
0.7743785850860421	0.7425170068027213
0.6959847036328872	0.6694302721088435
0.7909496494582536	0.7798044217687075
0.7578075207138305	0.7499149659863947
0.7469725940089229	0.7179421768707482
0.7488846398980242	0.7294642857142858
0.6953473550031868	0.6643707482993197
0.7724665391969407	0.7444727891156464
0.751434034416826	0.7278911564625851
0.7622689611217336	0.7612244897959185
0.7495219885277247	0.7277210884353742
0.7852135117909497	0.7814625850340137
0.7890376035691523	0.7806972789115647
0.8132568514977693	0.7849489795918366
0.680050987890376	0.6706632653061225
0.8011472275334608	0.7850340136054421
0.7979604843849586	0.7679846938775512
0.7960484384958573	0.7816751700680272
0.7890376035691523	0.7811224489795919
0.7520713830465264	0.72453231292517
0.7966857871255577	0.7874149659863946
0.6978967495219885	0.6647108843537414
0.7023581899298916	0.6706632653061225
0.7954110898661568	0.7831207482993198
0.7737412364563416	0.7528486394557824
0.7578075207138305	0.7309948979591838
0.7603569152326323	0.734906462585034
0.762906309751434	0.7411989795918367
0.7973231357552581	0.7797193877551022
0.7915869980879541	0.7798469387755103
0.7903123008285532	0.760799319727891
0.751434034416826	0.7443027210884353
0.6328871892925431	0.6195153061224489
0.7794773741236456	0.7605867346938775
0.7469725940089229	0.7361819727891156
0.645634161886552	0.6194727891156462
0.6405353728489483	0.6192602040816325
0.6233269598470363	0.6147108843537414
0.6328871892925431	0.6020408163265306
0.7775653282345443	0.760076530612245
0.6876991714467814	0.6693027210884354
0.6405353728489483	0.6174319727891155
0.7297641810070108	0.715858843537415
0.6896112173358827	0.6694302721088435
0.7291268323773104	0.7321003401360545
0.8049713193116634	0.7879676870748301
0.7437858508604207	0.7269557823129251
0.7182919056724028	0.6953231292517007
0.6398980242192479	0.6179421768707483
0.7884002549394519	0.7616071428571428
0.6373486297004461	0.6030612244897959
0.6418100701083492	0.602891156462585
0.8107074569789675	0.778784013605442
0.7316762268961122	0.6913690476190476
0.7380497131931166	0.7307397959183674
0.7335882727852135	0.6906887755102041
0.8017845761631612	0.7798469387755103
0.7138304652644997	0.6984693877551021
0.7119184193753983	0.6950680272108843
0.7425111536010197	0.7279336734693875
0.7405991077119184	0.7465986394557823
0.7437858508604207	0.7122448979591837
0.6437221159974506	0.6204081632653061
0.6462715105162524	0.6207057823129251
0.7820267686424475	0.7637755102040817
0.7055449330783938	0.6948554421768706
0.6794136392606756	0.6694302721088435
0.8100701083492671	0.7887755102040818
0.7839388145315488	0.7621598639455783
0.6449968132568515	0.6198554421768707
0.6647546207775653	0.6170918367346939
0.7386870618228171	0.7142006802721089
0.7903123008285532	0.7798469387755103
0.681325685149777	0.6694302721088435
0.7852135117909497	0.7630527210884354
0.7845761631612492	0.7636904761904763
0.7348629700446144	0.7304421768707485
0.7476099426386233	0.7285289115646258
0.7833014659018483	0.7615221088435374
0.7788400254939452	0.7608843537414968
0.8024219247928617	0.7788690476190478
0.7380497131931166	0.7273384353741498
0.7852135117909497	0.7637329931972789
0.7246653919694073	0.7323554421768708
0.6462715105162524	0.620110544217687
0.7947737412364564	0.7791666666666667
0.6360739324410453	0.6188350340136054
0.7845761631612492	0.7616496598639455
0.7176545570427023	0.6934948979591837
0.6437221159974506	0.6041666666666665
0.7431485022307202	0.7252551020408163
0.651370299553856	0.6222789115646258
0.7163798597833014	0.6935799319727891
0.7189292543021033	0.6974914965986395
0.710006373486297	0.697576530612245
0.7826641172721479	0.760799319727891
0.7093690248565966	0.695280612244898
0.7852135117909497	0.7630527210884354
0.798597833014659	0.778826530612245
0.7922243467176545	0.7610119047619046
0.7380497131931166	0.7045493197278911
0.7125557680050988	0.6927295918367347
0.7425111536010197	0.7309948979591836
0.7992351816443595	0.7779761904761905
0.6469088591459529	0.6238095238095237
0.7131931166347992	0.6977465986394559
0.6539196940726577	0.6193452380952381
0.7386870618228171	0.7442176870748298
0.7125557680050988	0.6949404761904762
0.6392606755895475	0.6204931972789115
0.6507329509241555	0.6029336734693878
0.6411727214786488	0.617984693877551
0.7469725940089229	0.7253401360544219
0.6424474187380497	0.6209183673469387
0.7463352453792225	0.7396258503401361
0.7329509241555131	0.7290816326530613
0.680050987890376	0.6693027210884354
0.6819630337794774	0.6694302721088435
0.6832377310388783	0.6694302721088435
0.7374123645634162	0.7335034013605441
0.734225621414914	0.7316751700680274
0.7833014659018483	0.7639880952380953
0.7820267686424475	0.7620748299319727
0.6806883365200764	0.6694302721088435
0.6475462077756533	0.6205782312925169
0.7820267686424475	0.7601615646258504
0.6532823454429573	0.6254676870748298
0.7393244104525175	0.7306122448979591
0.7125557680050988	0.6992772108843538
0.5838113448056087	0.5525085034013605
0.5831739961759083	0.552423469387755
0.5920968769917144	0.5676870748299321
0.6418100701083492	0.6228316326530613
0.7202039515615042	0.7277636054421769
0.7125557680050988	0.6985544217687074
0.7131931166347992	0.6992772108843538
0.680050987890376	0.6491496598639457
0.8049713193116634	0.7868197278911566
0.7138304652644997	0.6992772108843538
0.6781389420012747	0.6491496598639457
0.7138304652644997	0.6993197278911565
0.7106437221159975	0.6683248299319727
0.7903123008285532	0.7793367346938777
0.6418100701083492	0.6228316326530613
0.7195666029318037	0.7273384353741494
0.5818992989165074	0.5522959183673469
0.7259400892288081	0.7258503401360543
0.8056086679413639	0.7854166666666668
0.7112810707456979	0.6992772108843538
0.7093690248565966	0.6679421768707482
0.5825366475462078	0.5520833333333334
0.7731038878266412	0.7534438775510204
0.7750159337157425	0.7623299319727892
0.7731038878266412	0.7533163265306122
0.7724665391969407	0.7531887755102039
0.7743785850860421	0.7533163265306122
0.6794136392606756	0.6494472789115646
0.6392606755895475	0.6228316326530613
0.5818992989165074	0.5521258503401361
0.8056086679413639	0.785841836734694
0.5831739961759083	0.5520833333333334
0.7131931166347992	0.6992772108843538
0.7151051625239006	0.6992772108843538
0.7112810707456979	0.6679421768707482
0.681325685149777	0.6491496598639457
0.5812619502868069	0.5523809523809523
0.7087316762268961	0.6679421768707482
0.5844486934353091	0.5521258503401361
0.7724665391969407	0.7533163265306122
0.8068833652007649	0.786607142857143
0.5927342256214149	0.5676870748299321
0.6794136392606756	0.6494472789115646
0.7163798597833014	0.6992772108843538
0.7731038878266412	0.7533163265306122
0.7138304652644997	0.6992772108843538
0.7762906309751434	0.7623299319727892
0.7762906309751434	0.761904761904762
0.591459528362014	0.5692602040816328
0.710006373486297	0.6679421768707482
0.7208413001912046	0.7273384353741494
0.7138304652644997	0.6992772108843538
0.6781389420012747	0.6494472789115646
0.6819630337794774	0.6491496598639457
0.7144678138942001	0.6992772108843538
0.7884002549394519	0.7793367346938777
0.7750159337157425	0.761904761904762
0.7112810707456979	0.70046768707483
0.7762906309751434	0.761904761904762
0.7711918419375399	0.7534438775510204
0.7106437221159975	0.69953231292517
0.8068833652007649	0.7857142857142858
0.591459528362014	0.5693027210884355
0.5895474824729127	0.5682823129251702
0.7718291905672403	0.7533163265306122
0.5901848311026131	0.5689625850340136
0.6794136392606756	0.6493622448979592
0.7119184193753983	0.6993197278911565
0.5901848311026131	0.5683673469387756
0.8056086679413639	0.7857142857142859
0.681325685149777	0.6491496598639457
0.5818992989165074	0.5520833333333334
0.7131931166347992	0.6992772108843538
0.804333970681963	0.7853741496598641
0.7711918419375399	0.7533163265306122
0.804333970681963	0.7855017006802723
0.7731038878266412	0.7533163265306122
0.6787762906309751	0.6491496598639457
0.722753346080306	0.725170068027211
0.680050987890376	0.6491496598639457
0.7743785850860421	0.7623299319727892
0.6405353728489483	0.6228316326530613
0.58572339069471	0.5521258503401361
0.7131931166347992	0.6992772108843538
0.5927342256214149	0.5692602040816328
0.7718291905672403	0.7526785714285713
0.7896749521988528	0.7789115646258504
0.6806883365200764	0.6492772108843538
0.5825366475462078	0.5525510204081632
0.7138304652644997	0.6992772108843538
0.8081580624601657	0.7859693877551022
0.681325685149777	0.6482993197278911
0.6806883365200764	0.6497448979591838
0.7259400892288081	0.7273384353741494
0.5825366475462078	0.5520833333333334
0.7718291905672403	0.7531887755102039
0.591459528362014	0.5679846938775512
0.5876354365838113	0.5687074829931974
0.5933715742511153	0.5676870748299321
